DISTRICT,MURDER,ATTEMPT TO MURDER,RAPE,KIDNAPPING & ABDUCTION,KIDNAPPING AND ABDUCTION OF WOMEN AND GIRLS,DACOITY,ROBBERY,BURGLARY,THEFT,CHEATING,ARSON,HURT/GREVIOUS HURT,DOWRY DEATHS,INSULT TO MODESTY OF WOMEN,CRUELTY BY HUSBAND OR HIS RELATIVES,CAUSING DEATH BY NEGLIGENCE,OTHER IPC CRIMES,TOTAL IPC CRIMES,Area
24 PARGANAS NORTH,2329,1262,1883,3311,2390,248,739,387,21986,2168,140,1879,683,47,17446,180,56644,122795,Sensitive Area
24 PARGANAS SOUTH,2114,201,2221,2209,2120,194,392,556,18426,1389,129,1864,642,19,18672,401,58961,120912,Sensitive Area
A and N ISLANDS,15,19,3,12,9,5,9,90,112,23,11,99,1,2,18,4,337,807,Peaceful Area
ADILABAD,1186,869,672,754,570,72,237,2519,3964,1932,395,16392,188,1242,4126,3593,20579,61959,Moderate Area
AGRA,1609,1816,493,2541,1936,201,1220,3063,20725,3323,121,5381,832,955,4003,4605,20143,77987,Sensitive Area
AHMEDABAD COMMR.,1204,778,506,2301,1669,471,5292,9392,57655,3173,79,16439,83,225,11670,2084,100241,218005,Sensitive Area
AHMEDABAD RURAL,414,191,85,466,430,137,349,1318,3592,164,186,4117,12,1,1217,3543,20272,37699,Moderate Area
AHMEDNAGAR,1210,815,653,514,354,477,1543,5248,14405,2023,505,8397,91,28,5571,6858,16686,71762,Moderate Area
AHWA-DANG,78,13,29,6,5,5,9,51,104,18,18,259,1,1,71,225,1238,2237,Peaceful Area
AIZAWL,141,127,345,38,1,8,52,2316,5201,453,109,445,0,2,36,180,2602,12686,Peaceful Area
AJMER,538,642,516,1256,1112,29,371,3507,8954,7106,190,4138,173,8,5489,4889,37919,77731,Moderate Area
AKOLA,588,576,299,312,281,113,658,3351,10762,1023,421,9586,74,357,1768,1514,14930,49341,Moderate Area
ALAPUZHA,250,337,300,185,132,67,396,2405,3049,2459,255,15835,16,226,2680,17,58637,94788,Moderate Area
ALIGARH,2032,2270,636,2134,1667,176,1201,1875,10393,2768,393,3756,639,361,2754,3103,13804,53786,Moderate Area
ALIRAJPUR,319,208,145,63,61,6,44,191,356,20,59,1402,3,2,28,362,3011,6449,Peaceful Area
ALLAHABAD,1652,1479,430,1425,1163,83,677,2861,9178,2385,189,5073,725,470,2316,3812,20104,57048,Moderate Area
ALMORA,146,87,49,39,38,14,99,216,425,132,31,351,70,20,83,156,649,2784,Peaceful Area
ALWAR,1019,975,899,1598,1151,17,503,2563,17664,7895,348,27728,482,2,4781,4610,27345,101378,Sensitive Area
AMBALA,350,219,237,310,252,38,177,2959,4373,1030,84,2518,109,188,1806,30,11279,26471,Peaceful Area
AMBALA RURAL,13,15,11,28,19,1,6,118,209,45,3,66,7,4,73,2,462,1082,Peaceful Area
AMBALA URBAN,15,16,21,75,39,0,21,362,600,99,5,109,5,14,159,1,759,2342,Peaceful Area
AMBEDKAR NAGAR,430,403,167,533,486,19,216,508,1343,610,56,1911,151,111,919,599,3316,12268,Peaceful Area
AMRAVATI COMMR.,292,326,236,225,192,49,505,2850,9697,640,158,4873,36,233,909,838,9146,32826,Peaceful Area
AMRAVATI RURAL,774,411,642,278,258,104,362,3294,10746,486,715,10291,63,394,1501,1996,12649,47756,Moderate Area
AMRELI,295,132,96,585,555,25,183,1305,2112,150,116,3518,9,30,1514,1269,15119,27751,Peaceful Area
AMRITSAR,470,442,135,349,277,16,113,1090,2525,2049,33,1906,53,23,641,987,4503,15878,Peaceful Area
AMRITSAR RURAL,180,188,68,146,110,5,20,275,479,520,25,741,21,8,172,480,1108,4567,Peaceful Area
ANAND,341,150,117,501,449,101,163,1611,4856,352,200,4669,1,29,2022,2576,21930,41373,Moderate Area
ANANTAPUR,1922,1248,266,839,554,137,244,2536,6079,1445,444,17682,174,622,1645,5058,15861,59927,Moderate Area
ANANTNAG,407,491,155,941,867,26,166,1544,1430,358,302,262,0,417,18,289,7228,16464,Peaceful Area
ANDAMAN,118,41,92,73,61,4,63,708,918,196,80,910,3,37,97,32,3638,7377,Peaceful Area
ANGUL,598,639,483,337,303,162,619,1379,3750,451,215,549,164,75,686,2084,12902,28700,Moderate Area
ANJAW,3,1,1,1,1,0,0,11,12,1,0,19,0,0,2,12,20,85,Peaceful Area
ANUPPUR,281,98,390,59,49,16,131,911,990,151,61,2147,66,37,350,231,7087,13866,Peaceful Area
ARARIA,705,612,613,901,499,393,552,604,2384,500,291,1843,176,7,480,484,13854,28415,Moderate Area
ARIYALUR,138,156,74,136,109,4,37,192,517,65,44,1544,9,12,53,531,6215,10219,Peaceful Area
ARWAL,333,418,31,148,68,59,97,188,648,118,87,1257,157,0,99,303,3050,7673,Peaceful Area
ASANSOL,395,94,179,282,189,46,173,98,3153,364,23,843,112,15,2563,1094,8614,19677,Peaceful Area
ASHOK NAGAR,288,261,466,65,55,12,123,1007,1334,116,106,8174,86,76,339,573,8392,22932,Peaceful Area
AURAIYA,484,402,118,584,408,50,211,292,1044,332,69,1526,262,91,342,1490,4032,12106,Peaceful Area
AURANGABAD,974,827,230,511,396,301,384,1177,2984,743,181,7309,369,2,621,1159,10687,31944,Moderate Area
AURANGABAD COMMR.,418,509,224,302,225,156,998,3181,9008,1705,148,4891,66,236,1541,1686,8632,36372,Moderate Area
AURANGABAD RURAL,640,342,191,138,88,178,455,1973,4738,542,436,8854,328,148,2931,2878,7231,35481,Moderate Area
AWANTIPORA,154,39,52,187,179,4,55,293,374,74,17,10,0,40,5,134,2713,4686,Peaceful Area
AZAMGARH,967,730,185,698,576,45,701,982,2082,861,22,3354,324,227,1016,1135,6694,22155,Moderate Area
BADAUN,1742,1906,310,1007,705,92,440,686,2345,637,173,3487,498,243,542,658,11356,27746,Moderate Area
BADDIPOLICEDIST,32,16,27,39,30,1,4,139,181,34,6,583,1,1,38,199,423,1913,Peaceful Area
BAGAHA,448,519,225,719,323,47,124,362,1550,424,143,3376,80,0,169,292,6487,16720,Peaceful Area
BAGALKOT,537,387,86,219,126,55,137,983,1561,487,104,3398,37,11,712,0,13059,24722,Peaceful Area
BAGESHWAR,75,24,46,26,18,0,40,64,124,33,9,89,35,10,31,51,334,1052,Peaceful Area
BAGHPAT,949,946,173,530,421,59,454,420,2009,588,22,1111,188,188,784,943,4367,14906,Peaceful Area
BAHRAICH,573,469,300,765,700,78,235,797,1763,975,127,1965,332,459,447,913,7078,18885,Moderate Area
BAKSA,38,7,33,62,50,5,14,22,104,14,4,66,3,0,15,31,233,664,Peaceful Area
BALAGHAT,675,309,807,98,78,16,173,1687,1943,166,163,4770,76,160,617,938,17474,32210,Peaceful Area
BALASORE,459,405,661,724,643,149,510,2127,3322,684,277,9038,449,259,1666,12,12476,35784,Moderate Area
BALLIA,436,582,99,350,299,34,149,773,1549,482,41,1926,216,155,339,821,3784,13090,Peaceful Area
BALOD,15,2,22,7,6,2,6,70,75,27,4,24,4,1,9,93,688,1117,Peaceful Area
BALODA BAZAR,24,18,45,18,18,3,26,182,181,18,20,858,0,10,37,131,655,2371,Peaceful Area
BALRAMPUR,625,369,595,318,270,157,196,749,934,442,90,1919,103,192,358,690,4330,13374,Peaceful Area
BANDA,606,341,252,348,257,17,150,669,1220,562,131,1158,282,107,391,515,6591,14794,Peaceful Area
BANDIPORA,32,32,16,249,237,0,14,169,280,29,34,5,0,37,3,0,963,2606,Peaceful Area
BANGALORE COMMR.,2831,4067,642,3014,947,529,6740,19968,105434,26401,48,37973,552,407,3832,1182,124176,350347,Sensitive Area
BANGALORE RURAL,1579,894,266,430,175,264,739,4268,9055,1256,260,10804,284,2,1149,0,40266,77461,Moderate Area
BANKA,890,365,447,514,354,317,309,778,1371,245,172,2493,235,2,253,373,8025,19347,Moderate Area
BANKURA,665,353,469,351,322,140,285,118,2822,337,108,2199,262,9,1858,1636,5794,19848,Peaceful Area
BANSWARA,403,223,586,699,647,15,147,880,1358,912,349,11890,75,20,1477,1224,9233,32173,Moderate Area
BARABANKI,753,681,317,898,831,65,308,993,2487,545,59,2993,346,313,1142,1807,9715,25212,Moderate Area
BARAGARH,383,700,285,166,144,95,401,898,1962,303,208,607,101,106,938,1396,6865,17604,Peaceful Area
BARAMULLA,694,868,195,1027,920,13,93,1514,1808,203,273,143,1,284,20,22,7456,17683,Peaceful Area
BARAN,403,952,641,810,791,8,142,1368,3655,2076,224,4302,76,33,2610,1111,18468,39385,Moderate Area
BAREILLY,2070,2267,673,1754,1458,191,831,1662,7023,2518,66,4640,595,667,2570,2630,19471,53583,Moderate Area
BARMER,256,307,244,329,277,1,70,1197,2655,2252,250,7119,169,0,1390,1688,14585,33777,Peaceful Area
BARNALA,183,267,141,95,60,2,25,453,723,726,14,1091,28,0,205,775,2374,7376,Peaceful Area
BARPETA,567,156,910,1366,1230,264,299,1665,2355,438,190,2071,115,4,2424,1407,10333,28180,Moderate Area
BARWANI,486,292,467,64,58,14,144,1044,2285,107,99,3944,40,101,203,1430,12891,25039,Peaceful Area
BASKA,273,78,123,256,197,17,50,132,290,64,46,513,18,0,114,137,999,3269,Peaceful Area
BASTI,373,306,120,301,285,18,156,467,1220,581,48,1542,185,316,357,986,4927,12900,Peaceful Area
BATALA,287,333,218,189,147,15,20,628,1122,1162,28,1904,57,0,396,700,2808,10143,Peaceful Area
BDN CP,15,35,13,53,0,3,17,10,847,186,0,0,9,8,320,0,1765,3446,Peaceful Area
BEED,832,643,322,419,259,391,914,3577,7119,925,563,11603,112,129,3542,2933,9117,49141,Moderate Area
BEGUSARAI,1409,1659,228,1109,482,171,775,833,3711,733,183,5020,387,2,540,2199,15538,38025,Moderate Area
BELGAUM,1402,1022,280,513,330,138,654,2948,5130,2430,268,11119,107,41,2342,382,38161,73697,Moderate Area
BELLARY,646,537,150,233,173,52,303,1811,3519,720,131,6220,99,2,803,158,22873,41853,Peaceful Area
BEMETARA,12,15,24,19,18,0,8,57,105,16,6,30,3,5,29,87,826,1323,Peaceful Area
BERHAMPUR,244,716,153,171,119,92,601,1036,2058,525,122,1926,70,71,412,819,4611,15429,Peaceful Area
BETTIAH,906,828,477,1235,597,161,366,993,3835,943,210,14334,324,33,714,938,10813,42395,Moderate Area
BETUL,736,441,1524,253,228,11,209,1856,2504,269,187,4851,185,147,738,1367,19873,37200,Moderate Area
BHABHUA,651,458,143,488,232,194,283,777,2239,389,246,2591,252,0,246,642,7456,19288,Peaceful Area
BHADRAK,366,383,459,402,376,53,214,784,1297,492,196,301,233,148,1056,804,13487,22156,Peaceful Area
BHAGALPUR,1189,979,465,1122,753,158,560,1610,5256,923,241,4047,220,12,849,1080,16215,38436,Moderate Area
BHANDARA,343,147,338,146,121,28,198,2315,5526,437,420,4368,36,320,786,1586,9711,28350,Peaceful Area
BHARATPUR,983,1001,751,1646,1213,61,377,1002,11888,5860,407,8099,331,1,4103,2549,50404,91034,Moderate Area
BHARUCH,450,155,118,302,259,138,210,1570,4199,253,264,3672,0,24,655,3033,17654,34364,Peaceful Area
BHATINDA,541,601,302,384,276,11,60,1983,2877,2025,65,2860,51,20,509,256,6259,19491,Peaceful Area
BHAVNAGAR,628,371,150,985,867,159,786,3240,8643,1043,346,2624,23,438,2231,42,40473,65714,Moderate Area
BHILWARA,398,532,554,1506,1261,13,513,3119,8828,4844,251,1982,108,17,4770,3095,31450,64635,Moderate Area
BHIM NAGAR,149,186,57,207,196,26,91,156,475,79,2,152,56,0,125,179,1393,3651,Peaceful Area
BHIND,835,1161,388,291,174,51,771,1991,2922,338,184,10526,403,49,627,1543,18744,42889,Moderate Area
BHIWANI,647,356,309,476,334,76,310,2495,5008,996,199,3138,269,130,1088,70,12055,29979,Moderate Area
BHOJPUR,1422,1286,201,651,406,304,551,1183,3838,852,370,7519,477,7,1165,1485,16174,40506,Moderate Area
BHOPAL,821,1099,1272,610,496,48,1839,11236,25093,1873,208,13023,278,623,1967,3299,102247,169575,Sensitive Area
BHOPAL RLY.,54,42,20,17,9,12,239,124,12301,67,7,70,16,34,11,22,3245,16507,Peaceful Area
BIDAR,472,602,105,253,172,59,299,1802,2313,476,209,11718,86,23,832,55,23267,45398,Peaceful Area
BIEO,0,0,0,0,0,0,0,0,0,0,0,0,0,0,0,0,0,16,Peaceful Area
BIJAPUR,736,638,155,338,225,60,262,1518,1739,699,193,7409,36,0,1392,0,18172,37987,Peaceful Area
BIJNOR,1078,737,365,955,801,58,426,653,2934,1683,57,3313,297,664,2144,1983,7214,26305,Moderate Area
BIKANER,478,982,466,395,346,8,103,1601,4328,4237,185,6008,183,0,3447,2275,19958,45708,Moderate Area
BILASPUR,1209,675,894,419,351,53,651,6811,9214,853,498,14499,214,169,1618,2797,32372,78277,Moderate Area
BIRBHUM,908,471,620,532,422,82,309,173,3675,392,181,2768,176,2,2629,2131,6978,26222,Moderate Area
BISHNUPUR,230,400,40,143,86,4,3,69,297,90,89,460,0,0,21,4,1458,3612,Peaceful Area
BIZAPUR,738,1014,63,51,15,245,40,105,109,35,123,182,1,0,19,109,919,3933,Peaceful Area
BKP CP,89,49,36,214,201,16,48,9,1357,224,0,143,20,2,989,124,2961,6608,Peaceful Area
BOKARO,718,502,465,555,484,320,539,1364,6705,684,78,1360,259,11,792,445,13168,30448,Moderate Area
BOLANGIR,413,734,453,287,227,73,396,1006,1777,554,159,1164,82,113,533,804,9981,21339,Peaceful Area
BONGAIGAON,298,90,478,619,508,136,137,926,1316,237,65,1118,55,0,1101,807,4284,12893,Peaceful Area
BORDER,35,121,35,52,47,2,4,94,110,42,14,63,0,51,12,194,2452,3451,Peaceful Area
BORDER DISTRICT,18,32,12,22,15,0,0,39,94,17,2,24,3,10,7,1,839,1192,Peaceful Area
BOUDH,145,103,89,67,57,8,62,262,415,45,124,1520,19,33,138,93,1344,5307,Peaceful Area
BUDGAM,292,367,104,763,712,4,68,958,2078,207,140,32,0,249,10,207,5359,13673,Peaceful Area
BULANDSHAHAR,1974,1707,404,1317,1049,74,670,853,4610,1622,81,2073,483,1021,2386,2882,13332,38157,Moderate Area
BULDHANA,635,535,381,269,223,170,415,2541,8596,960,795,9240,320,406,2422,2409,12853,47189,Moderate Area
BUNDI,273,830,455,1057,878,15,177,1424,3382,1976,190,9853,51,13,2819,1399,15014,41281,Moderate Area
BURDWAN,1290,397,796,864,551,142,407,247,6629,1227,128,1709,370,14,5160,5109,22351,52305,Moderate Area
BURHANPUR,146,101,174,23,22,50,61,441,1075,97,38,1382,45,87,215,388,7418,12453,Peaceful Area
BUXAR,680,946,150,571,281,304,408,848,2912,595,252,3694,281,1,493,852,6237,22097,Moderate Area
C.I.D.,2,0,4,8,4,0,2,0,14,97,0,0,0,0,0,0,236,384,Peaceful Area
CACHAR,695,250,784,1591,1370,323,242,2572,5861,710,558,2856,108,1,4172,2681,19550,48300,Moderate Area
CAR,2,0,0,1,1,1,0,0,4,2,0,4,0,0,0,1,8,24,Peaceful Area
CAW,0,0,1,0,0,0,0,0,0,0,0,2,0,0,789,0,1,796,Peaceful Area
CBCID,110,30,7,8,2,13,9,47,45,217,36,19,1,0,21,7,185,1339,Peaceful Area
CBPURA,228,210,55,119,85,19,117,620,1329,317,0,1856,44,4,229,8,4791,11337,Peaceful Area
CENTRAL,316,315,281,1085,665,11,357,1065,15587,1963,24,1755,45,131,606,124,13559,38329,Peaceful Area
CHAIBASA,1521,487,483,182,135,117,242,309,1485,172,51,425,39,7,181,290,3536,10278,Peaceful Area
CHAMARAJNAGAR,307,248,88,82,55,31,70,810,1495,197,55,5348,46,0,387,0,7426,18501,Peaceful Area
CHAMBA,119,40,142,185,173,0,6,1264,418,66,86,764,8,11,117,547,3464,7766,Peaceful Area
CHAMOLI,81,62,44,46,30,2,21,260,204,63,19,189,27,14,27,154,514,2011,Peaceful Area
CHAMPAWAT,53,36,22,30,24,6,24,73,148,29,7,189,13,3,27,109,331,1203,Peaceful Area
CHAMPHAI,55,24,122,7,1,1,5,517,830,58,18,147,0,0,0,16,392,2325,Peaceful Area
CHANDEL,120,135,4,27,3,20,14,21,48,15,46,99,0,0,0,5,275,911,Peaceful Area
CHANDIGARH,243,301,281,640,534,31,397,2947,18474,2301,62,816,42,143,807,98,11605,40807,Peaceful Area
CHANDOLI,306,236,62,182,139,10,117,366,873,518,25,1297,172,182,512,443,3345,9230,Peaceful Area
CHANDRAPUR,613,327,469,262,219,80,379,3480,8285,713,539,7347,62,857,1617,2737,13706,44498,Moderate Area
CHANGLANG,85,40,53,78,55,29,49,238,378,37,20,398,1,0,23,31,632,2201,Peaceful Area
CHATRA,437,246,170,167,125,245,256,266,1039,130,48,166,164,0,77,411,5586,10667,Peaceful Area
CHENGAI,308,386,97,114,95,25,158,1855,4301,464,51,3442,91,123,319,2303,28662,43561,Peaceful Area
CHENNAI,1365,2710,531,627,377,73,1039,6543,29379,6431,33,11699,271,2229,2212,10434,86221,164467,Sensitive Area
CHENNAI RLY.,29,36,1,8,6,8,206,18,2265,60,0,348,7,14,8,51,2864,6097,Peaceful Area
CHENNAISUBURBAN,232,331,96,87,58,7,190,903,2152,524,16,1874,66,194,157,1759,10410,19404,Peaceful Area
CHHATARPUR,717,822,744,305,248,28,579,3472,2739,361,262,6614,264,152,745,1313,29142,51353,Moderate Area
CHHINDWARA,846,385,1345,213,187,14,209,2164,3134,469,227,15147,160,376,1344,1900,21210,52310,Moderate Area
CHICKMAGALUR,398,412,159,178,114,61,203,1832,2507,356,76,9579,56,59,1035,50,15158,34702,Peaceful Area
CHIRANG,214,11,199,281,246,51,55,265,432,66,82,252,14,0,402,184,1662,4505,Peaceful Area
CHITRADURGA,439,282,229,226,177,48,256,1454,2749,444,89,9739,73,2,648,1,23788,44979,Peaceful Area
CHITRAKOOT DHAM,317,113,190,180,91,20,51,348,523,192,40,426,136,10,130,517,1843,5551,Peaceful Area
CHITTOOR,1270,739,368,907,531,96,207,2777,11077,2694,419,13543,262,2179,3283,8168,24575,75471,Moderate Area
CHITTORGARH,512,506,738,1709,1389,23,385,2857,6881,3523,438,19974,78,22,5473,2393,18445,67568,Moderate Area
CHURACHANDPUR,285,156,29,67,11,0,0,57,187,33,19,47,0,0,2,1,567,1553,Peaceful Area
CHURU,339,424,360,388,222,10,53,1155,2357,3335,164,7861,133,4,2840,1530,11938,33949,Moderate Area
CID,0,0,0,0,0,0,0,0,1,7,0,0,0,0,0,0,13,23,Peaceful Area
CID CRIME,5,0,2,0,0,0,0,0,2,23,0,0,0,0,0,0,3,54,Peaceful Area
COIMBATORE RURAL,816,662,197,524,389,104,592,2861,10673,1139,174,13866,103,219,973,8862,53511,99023,Moderate Area
COIMBATORE URBAN,261,281,100,172,81,23,347,1773,10784,1249,75,2583,42,117,570,2941,29658,52542,Peaceful Area
COOCHBEHAR,485,577,1217,1130,1036,42,90,118,2288,433,81,1268,139,12,3925,1065,11463,26418,Moderate Area
CP AMRITSAR,127,226,71,146,122,5,46,358,1063,802,14,440,19,5,293,218,1620,5604,Peaceful Area
CP JALANDHAR,72,136,70,141,109,7,60,517,1425,673,21,506,15,10,263,266,1455,5786,Peaceful Area
CP LUDHIANA,245,253,172,369,283,11,64,628,1885,1086,18,682,33,37,363,753,3257,10141,Peaceful Area
CRIME BRANCH,4,20,4,4,1,0,1,0,17,218,0,0,0,0,0,0,104,393,Peaceful Area
CRIME JAMMU,10,0,0,0,0,0,0,0,2,349,0,0,0,0,0,0,7,369,Peaceful Area
CRIME KASHMIR,0,0,0,0,0,0,0,0,0,29,0,0,0,0,0,0,0,32,Peaceful Area
CRIME SRINAGAR,4,0,0,0,0,0,0,0,2,612,0,0,0,0,0,0,1,686,Peaceful Area
CSM NAGAR,95,119,76,283,263,1,36,142,329,110,5,599,42,0,118,328,1367,4011,Peaceful Area
CUDDALORE,720,1368,294,630,534,39,281,1382,5424,269,429,10813,105,408,470,4918,57162,87567,Moderate Area
CUDDAPAH,1196,506,298,653,522,39,106,1549,4530,1894,337,14301,146,538,1790,4815,21993,58147,Moderate Area
CUTTACK,468,816,422,577,508,169,1134,2615,5931,831,232,1301,409,60,1382,3061,19987,40902,Moderate Area
CYBERABAD,1810,914,641,1398,857,141,765,11946,29665,11423,491,32697,437,3168,8932,10314,23701,141743,Sensitive Area
D and N HAVELI,108,31,56,141,94,40,30,388,773,171,55,318,1,4,38,148,1859,4651,Peaceful Area
DAHOD,496,181,87,418,389,356,551,1006,1845,65,286,4181,0,1,328,544,9036,20418,Peaceful Area
DAKSHIN DINAJPUR,369,764,473,710,600,16,73,63,1539,212,54,1526,138,13,2149,906,6943,17468,Peaceful Area
DAKSHIN KANNADA,386,429,127,132,70,66,290,2343,2768,910,235,5393,20,39,489,116,25409,42281,Peaceful Area
DAMAN,64,32,17,25,11,32,18,423,486,62,30,159,2,1,18,255,473,2398,Peaceful Area
DAMOH,565,684,567,195,137,16,284,1640,1828,187,177,14382,310,0,828,718,10234,34789,Moderate Area
DANTEWARA,790,696,136,93,60,146,39,551,608,67,135,652,7,9,50,441,3271,8092,Peaceful Area
DARBHANGA,767,1423,583,1104,672,261,341,855,3464,1626,340,3814,396,4,1648,1270,21879,45383,Moderate Area
DARJEELING,583,35,400,491,462,60,149,100,5760,207,70,5390,33,27,1346,1545,6408,24495,Peaceful Area
DARRANG,471,122,784,1079,941,165,188,1291,2036,482,186,3235,60,5,1645,1125,5432,20878,Moderate Area
DATIYA,603,617,287,226,131,16,449,1204,1750,175,128,4920,122,0,333,818,14556,27410,Peaceful Area
DAUSA,355,262,185,758,508,11,151,1071,7905,2697,181,1099,141,0,1363,2443,30684,51097,Moderate Area
DAVANAGERE,422,270,171,221,174,59,344,1949,3296,647,10,6103,106,25,1092,38,17337,36167,Peaceful Area
DCP BBSR,205,289,202,244,183,60,414,1377,5925,731,56,3699,95,51,248,858,6096,21234,Peaceful Area
DCP CTC,117,96,96,149,132,52,300,621,2784,267,17,126,41,12,439,675,5013,11211,Peaceful Area
DEHRADUN,424,508,284,641,555,52,361,1519,5234,2025,50,2325,101,631,1224,1687,5681,24859,Moderate Area
DEOGARH,188,187,148,82,65,66,127,277,377,89,57,2057,24,26,162,374,1202,6364,Peaceful Area
DEOGHAR,567,526,435,209,69,171,273,1163,2304,267,76,2631,178,49,379,455,6622,18503,Peaceful Area
DEORIA,422,416,95,373,323,15,145,588,1190,521,59,1608,287,86,308,1079,5873,14425,Peaceful Area
DEWAS,584,886,993,311,219,92,509,3117,8570,507,378,5190,174,552,1746,1886,42253,71266,Moderate Area
DHALAI,282,81,220,230,90,30,88,246,316,53,66,828,26,1,382,169,1230,4735,Peaceful Area
DHAMTARI,194,112,334,83,67,18,69,1432,1435,218,57,1050,19,85,168,954,8826,16040,Peaceful Area
DHANBAD,975,472,449,960,728,654,656,2186,8948,904,98,2979,441,53,452,63,18996,43124,Moderate Area
DHANBAD RLY.,87,1,12,28,13,205,212,60,1940,49,0,2,17,0,7,13,1093,3868,Peaceful Area
DHAR,961,918,1124,403,365,75,410,2738,6357,362,380,7431,521,219,923,2284,34310,63019,Moderate Area
DHARMAPURI,665,497,177,538,433,61,226,1022,2675,421,458,11529,66,66,466,3147,23096,48360,Moderate Area
DHARWAD COMMR.,226,256,40,209,137,40,561,1596,3647,1334,75,2179,31,25,426,71,11573,23763,Peaceful Area
DHARWAD RURAL,323,221,44,87,38,28,63,371,668,184,18,1762,26,0,198,0,7533,13068,Peaceful Area
DHEMAJI,253,229,727,637,483,43,140,363,1398,239,156,2385,19,0,1058,478,2802,11695,Peaceful Area
DHENKANAL,494,603,244,272,226,100,518,848,2001,337,239,806,177,118,333,1091,7924,19155,Peaceful Area
DHOLPUR,529,862,311,691,516,33,224,677,4222,1499,133,15705,262,0,1653,1205,10554,40283,Moderate Area
DHUBRI,634,294,1363,1795,1564,263,243,1286,2185,953,421,4885,118,15,4331,1905,6385,35176,Moderate Area
DHULE,538,363,178,122,114,247,290,1675,4158,777,143,4450,66,96,2080,2910,8667,29150,Moderate Area
DIBANG VALLEY,36,35,30,48,36,23,45,133,273,18,12,298,0,0,17,29,367,1444,Peaceful Area
DIBRUGARH,1199,233,591,1111,512,122,309,1238,5099,400,294,4048,29,0,1075,1976,6517,25682,Moderate Area
DIMAPUR,323,83,63,225,38,44,729,466,1828,139,24,131,0,5,7,232,934,5415,Peaceful Area
DINDIGUL,721,774,170,554,483,30,299,1217,4735,906,237,5556,44,99,764,4872,37766,60083,Moderate Area
DINDORI,243,62,370,27,22,2,27,451,340,103,39,1381,26,45,201,446,5862,10464,Peaceful Area
DIU,4,6,3,6,4,2,5,57,78,11,4,31,1,1,17,56,188,550,Peaceful Area
DODA,601,830,168,355,336,17,31,473,449,86,212,234,0,59,121,162,4680,8995,Peaceful Area
DUMKA,748,639,557,313,179,100,125,690,2027,216,128,2338,113,7,534,829,5555,16483,Peaceful Area
DUNGARPUR,298,164,259,565,532,7,136,607,802,544,247,1858,66,2,935,1249,12698,22460,Peaceful Area
DURG,898,682,1402,490,368,46,703,6527,10102,1254,337,5234,148,329,1491,3039,50643,87167,Moderate Area
EAST,646,629,720,2834,1724,65,765,2756,29739,2094,109,3022,160,173,1884,1188,22853,71741,Moderate Area
EAST GODAVARI,1041,1211,499,780,378,30,245,5069,13533,3273,479,31514,206,1584,4927,6655,18113,93193,Moderate Area
EOW,0,0,0,0,0,0,0,0,0,672,0,0,0,3,0,0,90,783,Peaceful Area
ERNAKULAM,80,147,65,32,16,52,199,1241,2423,588,49,3509,4,9,340,5,20029,30516,Peaceful Area
ERNAKULAM COMMR.,136,159,204,104,54,73,398,1689,3572,3159,56,4836,8,151,1055,15,85845,104786,Moderate Area
ERNAKULAM RURAL,266,241,297,118,83,74,452,2172,3500,1973,127,9241,15,168,1473,24,97176,122473,Moderate Area
ERODE,642,319,171,507,366,52,340,1707,6742,934,251,15755,39,88,432,6411,40565,76349,Moderate Area
ETAH,1477,1978,311,928,613,105,439,699,2997,1025,120,3040,553,170,907,1660,9633,28395,Moderate Area
ETAWAH,772,721,129,822,502,46,317,540,2170,760,72,1493,330,215,714,1859,9833,21910,Moderate Area
FAIZABAD,577,375,224,656,605,29,241,847,2296,706,75,2211,174,263,432,1772,6544,19063,Peaceful Area
FARIDABAD,769,491,501,1111,851,76,357,3464,13989,631,105,2992,210,3648,1985,1306,28034,63980,Moderate Area
FARIDKOT,214,255,130,142,96,11,21,728,1051,855,24,1889,30,3,276,5,2865,8740,Peaceful Area
FATEHABAD,272,225,146,318,209,14,95,1307,2496,720,57,2075,80,83,1016,46,6690,16246,Peaceful Area
FATEHGARH,899,802,156,680,518,26,193,471,1431,518,20,1253,300,222,587,611,5098,14341,Peaceful Area
FATEHGARH SAHIB,192,131,105,160,91,4,40,613,1141,958,2,1526,37,20,192,1492,2434,9337,Peaceful Area
FATEHPUR,990,444,243,610,493,74,250,568,1250,822,21,2370,408,146,537,2138,7061,19206,Moderate Area
FAZILKA,59,51,53,65,43,0,2,120,233,175,0,351,5,0,65,111,475,1802,Peaceful Area
FEROZEPUR,190,225,109,75,47,4,13,426,698,481,22,1738,33,0,146,376,1272,6033,Peaceful Area
FEROZPUR,409,398,222,229,177,8,24,950,1673,1252,59,3032,54,27,331,927,3214,13155,Peaceful Area
FIROZABAD,1406,1438,266,1361,893,140,724,755,4329,1063,80,3403,536,480,1123,1024,10536,31140,Moderate Area
G.R.P,105,33,7,7,1,3,10,5,496,186,3,160,25,0,0,0,3337,4482,Peaceful Area
G.R.P.,395,234,53,180,90,256,848,100,29860,598,20,254,22,340,32,77,14519,49077,Peaceful Area
G.R.P. AJMER,6,3,0,1,0,1,5,2,386,3,0,0,3,0,0,1,203,617,Peaceful Area
G.R.P. JODHPUR,2,1,2,0,0,0,2,0,91,0,0,1,0,2,0,0,44,149,Peaceful Area
G.R.P.(RLY),43,22,8,25,15,3,49,8,5849,93,9,49,6,2,0,4,410,6641,Peaceful Area
G.R.P.AJMER,10,8,6,14,11,1,7,1,1111,10,0,9,1,0,0,3,236,1453,Peaceful Area
G.R.P.JODHPUR,6,1,1,3,1,0,1,1,168,0,1,1,1,0,0,5,85,286,Peaceful Area
GADAG,246,193,44,83,41,37,70,627,822,258,42,1923,28,2,313,758,5232,12421,Peaceful Area
GADCHIROLI,694,482,245,116,95,104,123,1161,1606,144,559,2787,14,100,510,911,4326,14864,Peaceful Area
GAJAPATI,166,117,103,94,78,18,32,247,346,107,158,460,15,35,107,319,1799,5035,Peaceful Area
GANDERBAL,139,64,74,399,384,6,21,420,575,99,108,41,0,42,15,305,2178,5961,Peaceful Area
GANDHINAGAR,292,117,116,315,259,71,335,1626,5897,492,99,3206,17,40,1652,2169,31585,49069,Peaceful Area
GANGANAGAR,691,1066,791,792,685,4,143,2379,4605,7757,110,12004,192,16,6060,1868,22923,62875,Moderate Area
GANJAM,831,1558,414,370,279,158,633,1509,1892,328,365,2997,253,157,345,1326,7072,24398,Moderate Area
GARHWA,603,421,321,243,148,158,301,421,891,393,129,2712,168,2,363,383,4989,14566,Peaceful Area
GARIYABAND,41,27,40,10,3,5,7,87,113,18,15,534,6,6,14,80,429,1518,Peaceful Area
GARO HILLS EAST,134,120,29,78,8,118,74,146,354,30,33,97,0,1,0,0,446,1771,Peaceful Area
GARO HILLS SOUTH,72,42,21,48,10,35,22,34,194,19,6,39,0,0,5,12,169,746,Peaceful Area
GARO HILLS WEST,206,101,92,187,78,116,86,284,981,127,63,488,2,5,45,124,1093,4303,Peaceful Area
GAUTAMBUDH NAGAR,944,900,255,882,637,99,1068,1294,18613,2415,18,407,211,395,882,2340,10133,43200,Moderate Area
GAYA,2022,1265,329,1063,628,860,1257,1735,6197,1022,436,6399,615,0,589,2279,16935,48235,Moderate Area
GHAZIABAD,2227,2321,357,2340,1741,144,1117,2237,23938,3665,54,731,479,940,2922,4719,19741,71937,Sensitive Area
GHAZIPUR,558,510,70,244,190,58,340,576,1251,537,52,1695,288,177,569,326,3170,11865,Peaceful Area
GIRIDIH,790,723,482,465,274,546,413,1140,3310,501,144,1060,438,58,579,1139,13877,29221,Moderate Area
GOALPARA,414,130,770,829,732,211,140,834,1804,390,149,1767,35,0,1923,902,5262,17342,Moderate Area
GODDA,587,544,521,410,182,100,154,588,1560,181,108,1849,68,0,397,110,10275,19021,Peaceful Area
GOLAGHAT,735,251,613,1120,959,100,362,998,3025,447,262,3772,12,0,1227,1442,3368,18697,Moderate Area
GOMATI,18,8,26,16,14,2,5,28,132,12,7,321,4,0,157,0,342,1147,Peaceful Area
GONDA,540,623,217,680,560,97,267,959,1851,1502,47,2577,371,384,134,889,6009,18758,Moderate Area
GONDIA,432,207,348,210,197,67,207,2278,4000,386,291,4249,35,246,668,1327,7097,23714,Peaceful Area
GOPALGANJ,923,1204,251,929,587,177,437,788,2213,997,138,3934,380,23,1169,1061,13769,31510,Moderate Area
GORAKHPUR,1109,890,379,1272,1109,56,550,1887,6641,2140,39,3778,392,359,1535,3010,10022,37602,Moderate Area
GRP,270,56,15,40,23,25,134,16,3984,86,0,160,77,1358,2,192,5376,12032,Peaceful Area
GRP RAIPUR,38,23,19,16,14,3,51,79,2663,17,3,141,4,6,13,12,848,4007,Peaceful Area
GRP(RLY),58,15,19,115,55,8,59,9,5309,72,4,59,5,8,2,4,598,6442,Peaceful Area
GULBARGA,1182,1202,306,588,431,113,677,2558,3444,929,548,13278,95,7,1534,184,23604,57080,Moderate Area
GUMLA,1758,542,498,349,238,225,454,292,967,173,81,479,12,0,126,615,3077,10362,Peaceful Area
GUNA,555,488,976,148,129,48,345,2533,3345,266,228,12060,102,199,632,1670,19667,46692,Moderate Area
GUNTAKAL RLY.,75,3,3,10,6,15,31,0,2091,19,2,75,5,13,11,32,754,3232,Peaceful Area
GUNTUR,1775,1326,526,969,705,91,347,3509,13165,4238,692,22209,234,2252,5792,6110,28932,97091,Sensitive Area
GUNTUR URBAN,150,109,69,100,65,6,62,416,2497,803,33,2398,28,248,1327,690,2569,11828,Peaceful Area
GURDASPUR,278,279,225,264,208,9,24,596,969,681,16,1261,84,2,360,1542,3711,10725,Peaceful Area
GURGAON,933,591,407,729,521,200,922,5710,24520,1767,117,2089,214,422,1356,206,21940,64761,Moderate Area
GUWAHATI CITY,698,468,682,2959,2238,253,1582,6701,18603,2273,218,6441,81,0,1932,2459,26625,76930,Sensitive Area
GWALIOR,1143,1744,816,833,617,100,2055,11163,18722,1363,250,12847,347,161,1852,2778,50509,111206,Sensitive Area
HAILAKANDI,262,71,433,654,525,96,58,773,1157,234,242,616,36,4,779,279,4505,12438,Peaceful Area
HAMIRPUR,541,286,206,353,290,16,105,783,1136,421,139,2996,176,142,483,867,8386,18582,Peaceful Area
HAMREN,9,0,3,16,12,0,3,19,36,1,3,21,0,0,3,9,13,150,Peaceful Area
HANDWARA,189,387,66,296,269,3,29,240,432,86,68,38,0,61,12,33,1908,4887,Peaceful Area
HANUMANGARH,611,971,592,469,363,8,114,1286,3092,5121,123,5339,184,3,3529,1393,19428,43586,Moderate Area
HARDA,209,202,363,87,72,8,123,817,1319,84,44,4438,65,91,190,194,4959,13912,Peaceful Area
HARDOI,1151,810,409,847,760,39,259,596,2280,754,74,3663,452,359,821,2218,10801,27326,Moderate Area
HARIDWAR,789,722,343,823,598,109,645,950,5810,1665,74,4355,159,605,1251,1911,4071,26741,Moderate Area
HASSAN,755,746,209,266,150,101,560,2747,4009,747,143,15135,123,2,1213,0,27310,57541,Moderate Area
HATHRAS,759,813,244,713,502,208,585,641,2501,765,27,1764,267,195,1257,1179,6340,20342,Moderate Area
HAVERI,283,218,75,166,40,58,97,905,1358,388,0,3363,30,0,445,927,13328,25128,Peaceful Area
HAZARIBAGH,958,671,550,586,458,625,706,1314,5381,1108,162,2779,394,0,662,580,11994,31956,Moderate Area
HIMATNAGAR,475,148,141,491,470,199,210,1732,2688,489,454,3171,7,11,2305,2885,39378,56623,Moderate Area
HINGOLI,430,296,175,127,101,83,391,1136,2200,396,302,5277,40,70,1223,996,5493,20606,Peaceful Area
HISSAR,708,660,287,586,422,44,353,3062,7428,1711,142,4036,197,110,2117,49,15352,38246,Moderate Area
HOOGHLY,1115,438,574,793,715,131,356,335,7468,1121,273,2375,188,10,7040,1940,15784,47090,Moderate Area
HOSHANGABAD,582,627,745,260,219,20,452,2751,4138,352,149,5446,152,205,778,300,22063,41312,Moderate Area
HOSHIARPUR,483,468,325,316,222,52,169,1235,1827,1628,84,3417,117,22,711,2164,3846,17287,Peaceful Area
HOWRAH,666,144,419,913,775,144,256,259,6202,1543,52,1898,226,61,5265,2830,20534,44803,Moderate Area
HOWRAH CITY,201,27,110,392,300,34,176,76,4084,744,31,690,46,74,1458,556,8720,18870,Peaceful Area
HOWRAH G.R.P.,123,110,10,55,33,25,64,1,5178,125,1,80,4,4,5,8,1067,7308,Peaceful Area
HYDERABAD CITY,1455,1563,712,1466,690,121,942,13435,56167,22504,433,47343,397,1741,14055,5966,28465,202931,Sensitive Area
I.G.I. AIRPORT,9,7,1,12,5,0,14,2,266,2016,1,14,0,5,1,4,310,2700,Peaceful Area
IDUKKI,299,276,366,85,67,47,200,2000,2405,1287,146,16106,7,149,1930,7,32504,62789,Moderate Area
IGI AIRPORT,8,2,1,35,5,1,21,5,750,2782,0,6,0,6,2,40,1426,5151,Peaceful Area
IMPHAL EAST,177,534,47,278,187,0,5,65,608,123,113,390,0,0,32,0,1253,4176,Peaceful Area
IMPHAL WEST,232,933,81,431,264,2,13,187,2082,279,120,678,2,1,52,4,2739,8507,Peaceful Area
IMPHAL(EAST),140,168,25,107,73,2,4,41,169,170,60,249,0,0,2,0,909,2176,Peaceful Area
IMPHAL(WEST),181,254,34,212,151,4,8,173,694,161,163,507,0,0,12,42,2286,5146,Peaceful Area
INDORE,1339,1810,1255,625,460,73,2326,11729,40882,1788,507,20260,359,860,3918,4657,105984,204398,Sensitive Area
INDORE RLY.,35,20,22,7,7,2,70,24,2189,23,0,86,3,7,2,0,1118,3687,Peaceful Area
J.P.NAGAR,811,531,290,469,397,68,334,477,1718,833,19,877,165,390,762,1346,5330,15665,Peaceful Area
JABALPUR,1008,1597,1285,484,348,19,1174,6035,11348,1312,240,35159,479,852,1802,2451,49612,119446,Sensitive Area
JABALPUR RLY.,34,18,22,10,8,6,171,49,3860,21,1,86,4,16,1,2,1528,5963,Peaceful Area
JAGATSINGHPUR,321,232,259,333,274,123,458,929,1982,333,135,1587,189,21,570,1937,7127,17153,Peaceful Area
JAGDALPUR,777,432,743,163,139,101,192,1680,1648,212,117,3897,18,25,210,1260,11816,24443,Peaceful Area
JAGRAON,142,196,109,117,69,4,24,398,588,380,8,943,20,17,149,471,1710,5444,Peaceful Area
JAINTIA HILLS,517,50,236,81,31,97,82,176,700,96,71,408,0,0,0,168,1001,3821,Peaceful Area
JAIPUR,439,531,338,1167,956,26,320,4822,17441,7308,264,7996,172,9,2526,4192,41008,99527,Moderate Area
JAIPUR EAST,137,188,193,468,402,20,641,2448,16231,4300,45,271,60,4,1338,1452,15382,44533,Peaceful Area
JAIPUR NORTH,121,187,171,443,424,10,208,819,5339,3992,21,2430,67,0,1410,804,8381,25178,Peaceful Area
JAIPUR RURAL,415,219,260,672,541,35,166,1525,6379,5127,178,4001,103,15,1581,4104,27746,53815,Moderate Area
JAIPUR SOUTH,122,137,120,387,317,7,368,1829,9535,6077,30,1832,50,0,1342,1209,11124,35748,Peaceful Area
JAIPUR WEST,53,39,61,157,132,1,88,582,2075,1804,14,467,10,0,465,549,3592,10279,Peaceful Area
JAISALMER,81,31,45,113,67,2,40,646,1546,680,81,1420,68,0,245,537,5450,11431,Peaceful Area
JAJPUR,518,314,332,458,427,133,500,1287,2734,354,167,6818,342,68,918,1908,6283,24607,Moderate Area
JALANDHAR,639,912,365,793,594,30,155,2565,4527,3691,113,4711,112,7,1023,1983,8008,30397,Moderate Area
JALANDHAR RURAL,95,122,68,71,59,22,64,305,418,302,26,578,7,7,115,335,805,3443,Peaceful Area
JALAUN,672,364,82,427,285,34,173,383,1256,403,45,101,364,204,419,1098,6984,13960,Peaceful Area
JALGAON,1007,636,485,338,266,272,566,2925,8571,2505,251,8827,115,404,4273,4233,15214,55702,Moderate Area
JALNA,594,417,193,182,133,166,623,2254,4531,892,325,6936,271,109,3092,1707,7829,33162,Moderate Area
JALORE,269,240,134,398,308,7,74,968,1933,1488,251,542,121,0,1239,1137,19270,29059,Peaceful Area
JALPAIGURI,1345,798,1777,1853,1536,132,477,507,13229,555,121,5558,123,5,6745,2884,24018,64179,Moderate Area
JAMALPUR RLY.,82,28,6,38,6,118,84,11,1584,34,1,56,5,0,2,5,684,2839,Peaceful Area
JAMMU,284,878,290,735,693,15,42,2801,5503,983,199,426,64,672,520,1395,26839,43451,Moderate Area
JAMNAGAR,467,269,192,377,312,57,270,2210,5136,351,151,4899,8,46,2806,25,34532,53364,Moderate Area
JAMSHEDPUR,1052,1321,606,682,444,171,511,1679,9364,1251,155,4973,159,18,881,1220,10991,37675,Moderate Area
JAMSHEDPUR RLY.,66,3,11,26,19,48,86,71,1596,35,1,76,3,0,6,9,812,2923,Peaceful Area
JAMTARA,223,290,238,152,87,53,70,306,911,189,37,1059,64,2,258,131,2222,7138,Peaceful Area
JAMUI,826,1243,290,519,215,261,385,546,1432,425,225,4765,201,2,450,469,4427,18674,Moderate Area
JANJGIR,564,330,462,124,96,24,307,2557,3251,383,217,6806,133,128,1126,1400,11656,31993,Peaceful Area
JASHPUR,656,196,713,263,190,62,271,878,943,179,86,1222,16,36,186,710,5008,12327,Peaceful Area
JAUNPUR,557,695,175,582,505,38,370,737,1833,1090,53,3581,459,269,866,1585,6409,20959,Moderate Area
JEHANABAD,632,423,101,409,142,213,253,502,1698,341,80,1497,252,0,262,402,8719,17432,Peaceful Area
JHABUA,979,713,435,423,375,35,216,1132,1984,91,392,6008,31,18,159,291,14751,29024,Moderate Area
JHAJJAR,638,428,231,265,171,51,282,1485,3394,496,62,1614,178,278,1226,1893,5628,19514,Peaceful Area
JHALAWAR,500,945,661,858,629,20,278,1498,4658,1503,467,10760,94,50,3256,1306,12560,42690,Moderate Area
JHANSI,675,341,141,454,337,15,245,677,2358,662,43,987,286,496,377,732,6872,16686,Peaceful Area
JHARGRAM,30,23,21,21,21,10,19,3,97,17,1,11,6,0,47,51,264,711,Peaceful Area
JHARSUGUDA,237,262,170,102,79,80,344,933,2248,232,105,3228,33,53,251,1464,2999,13924,Peaceful Area
JHUNJHUNU,459,242,416,573,413,10,92,1477,3861,3540,289,6135,170,0,2342,1816,23804,46937,Moderate Area
JIND,483,335,302,298,206,23,238,1887,3720,534,78,1719,166,213,835,34,7622,20557,Peaceful Area
JODHPUR,203,432,135,419,302,7,186,1747,5218,2560,201,11653,75,19,1303,1227,6948,33821,Peaceful Area
JODHPUR CITY,117,319,128,314,246,5,133,1079,4662,3187,46,3366,66,10,1475,904,5450,21731,Peaceful Area
JODHPUR EAST,12,27,20,15,13,0,16,50,397,447,1,417,11,0,296,114,459,2303,Peaceful Area
JODHPUR RURAL,177,201,172,231,182,12,74,655,1537,1275,117,6650,112,0,692,1568,5583,19459,Peaceful Area
JODHPUR WEST,15,42,20,29,23,0,23,124,646,275,12,286,5,0,5,170,538,2228,Peaceful Area
JORHAT,506,159,476,670,509,42,248,1048,3104,458,157,2818,9,0,1082,1133,4674,17883,Peaceful Area
JUNAGADH,536,268,142,663,571,98,457,2472,6275,687,289,5924,47,92,4893,2380,31030,58705,Moderate Area
K.G.F.,167,215,64,104,63,12,104,780,1259,221,0,2930,57,2,246,184,3558,10857,Peaceful Area
K/KUMEY,41,25,17,17,15,6,4,55,58,13,5,73,0,0,2,17,150,507,Peaceful Area
KABIRDHAM,176,134,268,65,51,5,55,879,993,154,64,4922,22,56,256,502,4170,13753,Peaceful Area
KAITHAL,321,222,218,197,137,46,136,1569,2870,264,104,2422,112,0,1601,71,6555,17689,Peaceful Area
KALAHANDI,330,291,436,253,234,71,358,717,979,641,87,2346,81,91,500,600,5495,15018,Peaceful Area
KAMENG EAST,52,9,25,46,29,16,48,149,201,27,1,419,0,0,3,28,369,1481,Peaceful Area
KAMENG WEST,48,21,7,26,15,12,31,105,214,23,3,290,0,0,3,130,320,1297,Peaceful Area
KAMRUP,450,216,614,1317,994,223,353,1526,3576,580,155,2308,39,0,1070,931,11365,26853,Moderate Area
KANCHIPURAM,690,822,251,199,144,51,174,1568,4900,454,135,5184,90,171,181,7024,52554,75996,Moderate Area
KANDHAMAL,308,157,368,265,235,31,171,644,822,311,476,3871,46,65,483,29,1188,11437,Peaceful Area
KANGRA,290,176,232,346,285,8,26,1549,1504,579,253,2637,9,74,614,71,16824,27141,Peaceful Area
KANKER,487,375,314,102,71,167,123,697,689,94,152,514,19,25,153,678,6523,11795,Peaceful Area
KANNAUJ,625,517,92,558,464,29,144,331,982,485,48,301,256,106,822,1231,6449,14010,Peaceful Area
KANNUR,264,438,419,144,89,78,609,2687,2424,1657,640,13662,2,140,3036,49,33649,71381,Moderate Area
KANPUR DEHAT,447,350,133,475,380,56,157,313,1133,423,50,2238,289,242,716,1174,4465,14024,Peaceful Area
KANPUR NAGAR,1961,1490,492,2636,2142,197,1199,2849,13894,4427,99,5567,756,2090,4341,4043,22257,74203,Sensitive Area
KANSHIRAM NAGAR,239,241,84,255,197,4,44,117,460,169,39,469,133,10,132,449,1522,4803,Peaceful Area
KANYAKUMARI,422,750,110,313,302,29,458,2110,3624,1113,306,7242,49,725,719,3113,28248,49772,Moderate Area
KAPURTHALA,308,422,190,254,174,27,132,977,1738,1834,32,2251,45,0,410,1168,3312,13459,Peaceful Area
KARAIKAL,26,30,12,18,15,0,6,119,473,56,25,1364,1,25,6,298,2500,5291,Peaceful Area
KARAULI,372,375,403,922,600,12,194,414,5426,1774,233,771,170,0,1370,1003,29350,43750,Moderate Area
KARBI ANGLONG,632,209,171,450,234,104,165,287,1497,95,158,639,14,1,183,521,2357,8154,Peaceful Area
KARGIL,7,7,8,22,21,0,0,61,63,20,17,2,0,0,3,44,834,1189,Peaceful Area
KARIMGANJ,423,222,397,586,478,122,80,890,1654,192,231,1247,88,0,1279,420,4920,14965,Peaceful Area
KARIMNAGAR,1674,1199,853,1534,1201,91,344,3258,7588,5639,685,31334,594,2324,7304,5474,20258,96728,Sensitive Area
KARNAL,513,445,562,425,241,76,278,2913,7706,1231,98,6442,194,124,2196,2856,8174,35540,Moderate Area
KARUR,282,242,68,278,253,20,192,532,2814,195,72,2953,25,52,209,2768,19129,30376,Peaceful Area
KASARGOD,193,229,480,113,51,66,264,1750,1831,2034,360,9271,6,87,1775,25,15626,41110,Peaceful Area
KATHUA,144,293,164,270,232,6,17,635,664,154,105,223,26,105,90,332,8666,12652,Peaceful Area
KATIHAR,900,521,1089,1143,747,238,330,647,2379,746,180,5675,219,7,540,869,11382,29828,Moderate Area
KATIHAR RLY.,124,14,17,76,33,82,134,95,2651,123,3,171,6,0,11,17,1472,5176,Peaceful Area
KATNI,462,333,536,109,75,10,220,1802,2345,367,103,12077,202,147,726,1334,11204,33916,Peaceful Area
KAUSHAMBI,670,297,226,383,297,23,218,682,949,417,48,1388,258,95,610,1106,4753,13178,Peaceful Area
KAWARDHA,19,12,35,1,0,1,2,69,43,4,4,167,1,4,15,12,236,685,Peaceful Area
KENDRAPARA,439,317,307,335,308,101,363,926,1243,203,152,739,351,187,463,289,8715,15675,Peaceful Area
KEONJHAR,993,836,627,438,391,161,667,1032,2808,335,254,1778,191,182,656,3477,8562,25987,Moderate Area
KHAGARIA,683,865,172,550,208,114,287,210,1190,193,123,3824,157,0,211,918,7398,19335,Peaceful Area
KHAMMAM,1337,791,721,919,717,63,195,2717,6006,2141,439,18111,218,2525,4090,4980,19238,68903,Moderate Area
KHANDWA,401,457,717,197,174,43,192,3248,3697,246,133,691,91,251,531,1039,26681,41293,Moderate Area
KHANNA,227,250,111,155,92,20,56,685,1173,821,7,1397,42,0,254,1411,3092,9915,Peaceful Area
KHARAGPUR G.R.P.,44,8,3,15,8,21,40,1,1326,10,0,29,1,3,7,14,203,1816,Peaceful Area
KHARGON,513,471,668,162,145,36,222,2271,6350,345,151,4811,252,276,518,1812,26432,48202,Moderate Area
KHASI HILLS EAST,431,181,347,244,98,177,532,1092,2846,648,190,422,13,2,108,291,2150,10108,Peaceful Area
KHASI HILLS WEST,174,81,159,38,12,141,83,123,329,37,21,89,0,0,0,8,614,1980,Peaceful Area
KHEDA NORTH,470,118,149,486,456,119,179,1397,3890,497,205,4269,0,0,1817,2774,35301,53275,Moderate Area
KHIRI,1255,1218,516,1102,989,48,363,793,3477,879,73,4333,658,558,884,1528,11002,30858,Moderate Area
KHOWAI,12,4,10,5,3,0,1,18,33,9,7,131,3,0,36,0,116,423,Peaceful Area
KHUNTI,529,73,50,76,29,36,97,26,242,29,9,120,3,1,15,305,346,2128,Peaceful Area
KHURDA,516,634,535,595,487,225,1381,3896,8442,1757,213,9204,196,90,1270,1442,14045,46286,Moderate Area
KINNAUR,36,6,63,31,29,1,2,311,114,17,9,128,1,3,43,299,974,2248,Peaceful Area
KIPHIRE,17,6,2,4,1,3,7,9,42,3,0,1,0,0,0,0,97,195,Peaceful Area
KISHANGANJ,341,159,435,669,575,122,121,483,1477,215,61,1705,88,1,433,291,5092,13459,Peaceful Area
KISHTWAR,35,98,20,109,106,1,2,89,119,38,25,8,0,8,42,10,1081,1750,Peaceful Area
KODAGU,352,345,129,96,55,24,89,1352,1132,261,34,5979,30,12,413,25,7675,19045,Peaceful Area
KODERMA,319,327,114,198,110,211,185,233,1114,456,29,1116,129,4,324,644,3612,10322,Peaceful Area
KOHIMA,224,105,63,66,10,30,135,223,716,130,1,58,0,0,2,25,849,2710,Peaceful Area
KOKRAJHAR,709,269,399,693,452,90,129,562,1579,249,2485,1874,34,0,762,694,2457,16995,Moderate Area
KOLAR,691,617,188,295,190,53,258,1453,3503,382,0,6032,157,3,426,36,15445,33454,Peaceful Area
KOLASIB,50,16,80,16,1,16,9,321,819,47,43,132,0,1,2,52,603,2334,Peaceful Area
KOLHAPUR,719,495,348,301,196,167,444,3294,8448,2470,208,6311,245,178,1273,3816,11557,44545,Moderate Area
KOLKATA,596,1159,433,1534,1178,151,1007,1434,41317,14360,0,19434,118,1107,4362,5334,55938,158429,Sensitive Area
KOLLAM,381,337,558,238,182,87,473,3284,4035,1679,434,22084,28,81,4043,28,49595,97571,Moderate Area
KOLLAM COMMR.,35,82,97,42,38,7,78,237,439,176,32,2148,5,60,655,1,7994,13431,Peaceful Area
KOLLAM RURAL,59,53,95,27,24,3,54,267,329,235,44,2909,1,28,624,14,6272,12517,Peaceful Area
KONDAGAON,21,8,11,7,0,0,0,20,23,3,2,126,0,3,2,54,250,537,Peaceful Area
KOPPAL,285,220,102,161,92,60,108,931,1124,363,22,2440,38,4,556,0,10773,19152,Peaceful Area
KORAPUT,528,435,544,319,288,150,316,1065,1590,319,129,427,48,195,672,1054,7762,17674,Peaceful Area
KORBA,491,153,433,89,74,30,250,2073,3288,343,110,6154,65,93,459,1629,10865,28108,Peaceful Area
KORIYA,433,234,646,105,96,38,125,2013,1516,192,103,4507,26,36,471,707,6254,18734,Peaceful Area
KOTA,240,1579,204,686,580,7,284,1779,5577,1790,153,3081,47,13,1706,844,14340,33935,Moderate Area
KOTA CITY,193,828,192,575,477,9,327,932,5974,3266,42,951,51,5,2426,794,10910,28085,Peaceful Area
KOTA RURAL,167,364,234,278,236,6,90,430,1241,961,64,1524,30,8,1370,712,6720,14963,Peaceful Area
KOTTAYAM,257,264,394,204,149,53,549,3594,4085,3755,190,20453,10,343,2170,17,54004,97779,Moderate Area
KOZHIKODE,55,74,92,17,11,31,42,927,997,685,458,2184,2,20,662,6,8425,17140,Peaceful Area
KOZHIKODE COMMR.,79,123,169,104,57,44,588,2248,3073,1672,133,5419,16,334,1520,9,20137,40216,Peaceful Area
KOZHIKODE RURAL,110,212,350,141,106,35,192,1757,1959,1567,610,9826,20,138,2662,25,25355,53302,Moderate Area
KRISHNA,842,802,528,650,466,22,126,2392,7002,1898,545,27498,169,1698,5016,4060,10884,67845,Moderate Area
KRISHNAGIRI,521,334,125,377,318,38,233,811,2555,509,176,5892,44,134,247,3689,23687,41287,Moderate Area
KULGAM,291,120,107,566,521,4,118,530,657,150,127,292,0,109,7,277,2942,7745,Peaceful Area
KULLU,125,46,206,144,127,3,33,649,601,159,59,525,3,10,166,523,6105,10154,Peaceful Area
KUPWARA,368,950,102,440,380,1,12,473,597,130,145,74,0,77,26,73,2825,7955,Peaceful Area
KURNOOL,1529,1460,419,785,599,101,215,2494,4921,2898,380,19228,154,2172,3002,5479,23411,73883,Moderate Area
KURUKSHETRA,321,220,343,303,234,60,200,2484,6051,951,75,2243,113,255,1112,24,10857,26498,Peaceful Area
KUSHI NAGAR,459,308,125,411,343,13,87,407,1071,651,76,2063,251,326,251,1570,4719,14267,Peaceful Area
KUTCH,362,206,97,378,325,98,284,2337,4219,477,120,4110,15,21,2367,2351,23964,42700,Peaceful Area
KUTCH (EAST(G)),54,26,25,49,40,6,40,194,512,56,12,520,3,1,325,5,3703,5656,Peaceful Area
KUTCH (WEST-BHUJ),48,17,23,33,32,4,12,179,380,26,8,350,0,0,235,9,2220,3725,Peaceful Area
LAHAUL-SPITI,9,1,10,4,4,0,3,23,28,4,5,22,0,2,11,107,565,822,Peaceful Area
LAKHIMPUR,426,193,734,1238,1086,68,211,865,2554,514,193,4458,15,0,1584,1273,5671,21468,Moderate Area
LAKHISARAI,593,630,156,460,189,91,261,342,1111,287,82,1958,124,7,217,543,4345,12557,Peaceful Area
LAKSHADWEEP,3,6,7,1,1,3,0,36,113,0,22,57,0,0,7,0,327,743,Peaceful Area
LALITPUR,229,97,122,141,112,19,57,247,564,254,25,534,101,203,237,536,2655,6737,Peaceful Area
LATEHAR,495,180,162,166,94,285,188,209,734,72,43,442,40,0,57,421,2081,6075,Peaceful Area
LATUR,718,442,231,302,300,137,500,2456,4627,937,401,10297,387,25,1738,2274,11722,40706,Moderate Area
LAWNGTLAI,42,14,40,6,1,4,6,231,416,46,8,80,2,1,0,20,656,1635,Peaceful Area
LEH,27,18,35,28,26,0,3,146,86,41,0,14,0,2,1,0,1628,2168,Peaceful Area
LOHARDAGGA,438,149,261,177,86,83,229,212,740,181,53,524,9,0,210,286,1954,6046,Peaceful Area
LOHIT,146,29,50,96,67,26,65,206,391,24,21,349,0,0,5,102,529,2154,Peaceful Area
LONGLENG,3,9,1,2,1,0,1,2,16,3,0,3,0,0,0,0,41,84,Peaceful Area
LUCKNOW,1828,1576,689,2914,2578,186,1532,6663,28816,7731,67,793,584,1828,5598,5058,43505,118377,Sensitive Area
LUDHIANA,603,676,398,865,576,25,132,2212,5320,3176,61,2516,90,427,1105,2299,12387,33313,Moderate Area
LUDHIANA RURAL,85,98,49,90,59,1,11,231,458,283,0,445,12,8,115,344,1118,3445,Peaceful Area
LUNGLEI,39,30,104,10,0,4,15,673,1402,74,34,120,0,1,0,11,476,3154,Peaceful Area
MADHEPURA,636,389,174,504,311,156,444,310,1397,267,100,2027,126,2,186,415,8056,17472,Peaceful Area
MADHUBANI,805,955,438,1076,702,360,316,1097,3213,383,163,9492,326,0,1116,1011,16253,42083,Moderate Area
MADURAI RURAL,690,890,244,570,446,72,695,1511,4285,1407,253,11095,105,115,760,4522,29960,60075,Moderate Area
MADURAI URBAN,347,551,70,319,207,35,407,1156,6235,2054,71,1979,78,392,587,1377,19983,36716,Peaceful Area
MAHABOOBNAGAR,2171,953,864,870,737,90,347,3014,9043,1774,650,19861,310,468,2751,6896,17908,71938,Moderate Area
MAHARAJGANJ,348,157,193,352,326,19,108,338,567,623,27,938,155,228,282,1071,3714,10073,Peaceful Area
MAHASAMUND,255,156,359,128,117,19,118,1527,2062,278,90,2195,48,52,265,1406,8894,18975,Peaceful Area
MAHENDRAGARH,309,154,198,278,215,62,118,1226,2441,134,115,1783,107,0,593,53,9608,18618,Peaceful Area
MAHOBA,387,184,106,210,170,20,123,363,598,234,41,337,146,80,152,447,2588,6718,Peaceful Area
MAINPURI,1229,1263,157,845,609,176,531,604,2414,816,72,2380,430,76,466,1153,7701,22040,Moderate Area
MAJITHA,216,159,66,91,70,2,17,178,318,398,14,869,32,3,125,490,1024,4151,Peaceful Area
MALAPPURAM,255,315,691,170,79,93,370,3618,4398,3410,292,10480,13,212,6322,15,57986,98239,Moderate Area
MALDA,885,1189,1331,1323,949,62,203,143,4038,429,47,3357,86,19,4221,799,14434,35343,Moderate Area
MALKANGIR,461,341,167,105,92,105,60,219,496,95,73,463,24,36,137,217,1564,5325,Peaceful Area
MAMIT,30,17,47,8,0,9,21,191,244,17,24,87,0,0,15,19,166,948,Peaceful Area
MANDI,152,94,261,164,140,1,23,1040,947,353,300,1903,5,83,470,767,13824,22050,Peaceful Area
MANDLA,364,180,644,77,72,5,78,1098,870,185,69,3946,45,135,349,812,12434,22636,Peaceful Area
MANDSAUR,383,419,521,251,162,26,377,1967,4360,341,233,3296,80,143,748,1177,20985,37672,Peaceful Area
MANDYA,756,684,256,252,182,72,407,2710,4496,551,192,12973,131,3,1354,0,27855,57125,Moderate Area
MANGALORE CITY,50,38,28,24,8,1,99,247,471,222,16,410,1,3,91,33,3276,5300,Peaceful Area
MANSA,319,345,171,114,72,10,17,533,628,665,22,1817,47,2,178,131,2495,7787,Peaceful Area
MATHURA,1186,1431,313,905,690,87,656,903,6567,2375,99,1785,319,436,1842,4014,14107,40188,Moderate Area
MAU,407,593,132,451,400,16,250,718,1378,622,69,1437,131,332,535,925,2912,12588,Peaceful Area
MAYURBHANJ,1015,657,971,568,516,121,410,1301,2697,439,192,1339,285,123,1377,1556,11660,27405,Moderate Area
MEDAK,1460,664,538,639,490,117,309,3440,6273,2324,645,21372,383,653,3552,6935,10040,61927,Moderate Area
MEERUT,2398,2351,542,2082,1516,151,1799,2255,15742,3072,39,689,399,1191,3746,3279,17894,62010,Sensitive Area
MEHSANA,378,281,92,661,585,191,474,2565,7430,694,217,9223,15,11,2637,2114,28546,57597,Moderate Area
MEWAT,167,271,264,193,107,98,119,300,2346,400,36,925,57,50,1121,19,6012,13684,Peaceful Area
MIDNAPUR,120,20,84,74,74,16,59,39,581,27,23,63,58,1,470,9,2440,4617,Peaceful Area
MIRZAPUR,453,260,110,144,94,40,144,474,1208,564,7,1401,258,87,737,1026,3863,11503,Peaceful Area
MOGA,362,444,152,235,144,23,65,991,1514,1332,30,2699,47,9,261,931,2731,12371,Peaceful Area
MOKOKCHUNG,94,33,12,26,1,6,35,82,164,27,15,64,0,3,0,52,190,840,Peaceful Area
MON,84,37,13,13,5,19,36,64,204,22,5,65,0,0,0,24,157,771,Peaceful Area
MORADABAD,1818,1566,635,1586,1345,143,870,1474,7696,1799,40,1086,395,1014,2558,2161,16406,44213,Moderate Area
MORENA,711,1165,450,365,245,123,681,2625,5222,369,148,18405,349,31,782,1749,24189,60288,Moderate Area
MORIGAON,254,113,658,752,726,64,89,658,1212,369,61,2784,37,9,889,643,3148,13375,Peaceful Area
MOTIHARI,1461,3116,373,1712,1000,351,769,1665,5203,1239,341,11461,591,17,773,1110,24193,60939,Moderate Area
MUKTSAR,274,339,149,178,119,10,32,734,1082,619,19,1699,41,3,229,652,1917,8306,Peaceful Area
MUMBAI,1254,712,776,793,393,213,1600,14163,54936,6694,38,18382,66,305,1195,3487,31636,141815,Sensitive Area
MUMBAI COMMR.,1542,1063,1386,1334,904,226,3209,19916,85365,13577,218,28353,106,971,2736,4942,47568,222670,Sensitive Area
MUMBAI RLY.,97,46,31,56,31,21,824,36,21604,408,0,489,3,29,0,21,1100,25194,Peaceful Area
MUNGELI,18,4,6,13,13,0,9,83,94,13,12,31,2,3,26,39,590,1012,Peaceful Area
MUNGER,884,821,155,693,352,133,459,532,2463,584,113,2967,128,0,476,510,9335,22716,Peaceful Area
MURSHIDABAD,1644,2657,3352,2943,2519,152,391,114,7833,1125,248,18652,384,33,17229,3198,17323,85689,Sensitive Area
MUZAFFARNAGAR,2483,2122,450,1766,1245,146,1114,1147,6645,1885,29,261,342,804,2546,1721,16760,43541,Moderate Area
MUZAFFARPUR,1779,1049,788,2332,1044,494,1121,2498,10505,1912,404,6568,846,0,1315,2883,28143,69252,Moderate Area
MUZAFFARPUR RLY.,200,61,23,78,20,102,159,106,3808,193,1,392,4,0,7,54,1740,7113,Peaceful Area
MYSORE COMMR.,343,447,124,193,142,44,1290,1836,6727,1147,0,3617,73,1,960,0,13334,31459,Peaceful Area
MYSORE RURAL,696,509,200,252,158,61,205,2174,3007,366,0,10660,123,2,1141,0,16071,39229,Peaceful Area
N.C.HILLS,294,129,33,166,95,20,61,139,465,44,76,286,5,4,92,139,609,2721,Peaceful Area
NADIA,1355,1869,1734,2532,2363,239,385,166,11523,1568,153,14539,475,32,11296,2351,23783,79313,Sensitive Area
NAGAON,996,629,1464,2606,2516,594,844,3297,4995,831,640,7055,108,68,4910,3137,13736,51277,Moderate Area
NAGAPATTINAM,521,636,137,354,297,12,120,827,2873,338,337,9575,52,126,164,2096,27945,47332,Moderate Area
NAGAUR,551,453,493,760,579,13,175,2321,4694,3821,229,2457,164,0,2867,2408,28535,51660,Moderate Area
NAGPUR COMMR.,1175,756,566,646,476,198,2963,12414,27488,3210,240,10923,74,591,2320,3106,32942,104410,Sensitive Area
NAGPUR RLY.,79,33,11,20,16,78,299,22,11204,55,8,286,3,19,4,24,1323,13825,Peaceful Area
NAGPUR RURAL,909,393,556,282,227,98,592,3462,11154,598,634,8576,82,671,1019,4620,17286,54011,Moderate Area
NAINITAL,326,281,109,270,251,44,187,539,1984,362,5,672,123,100,257,833,3359,10211,Peaceful Area
NALANDA,1718,1536,314,1182,545,291,620,1019,3929,996,213,11071,734,4,940,1966,15615,45663,Moderate Area
NALBARI,380,274,322,696,544,151,263,938,1572,294,143,3078,31,0,609,446,4323,14382,Peaceful Area
NALGONDA,1446,778,698,872,689,90,347,2838,5917,2747,845,19199,402,1542,3675,7657,31483,85368,Moderate Area
NAMAKKAL,420,312,115,417,363,40,175,690,2611,510,148,10465,34,169,285,4222,24370,46314,Moderate Area
NANDED,992,918,396,455,348,278,907,4347,6291,1600,743,15343,289,86,3202,2292,19659,62476,Moderate Area
NANDURBAR,427,188,221,110,92,88,126,865,2057,422,65,3071,17,81,996,1308,4412,16043,Peaceful Area
NARAYANPUR,187,349,25,28,4,86,16,64,74,12,61,191,1,3,6,67,398,1610,Peaceful Area
NARMADA,173,36,73,60,54,29,16,202,391,67,69,1228,0,6,107,675,5076,8518,Peaceful Area
NARSINGHPUR,483,509,733,82,67,5,173,1281,1776,183,208,12632,232,204,594,1144,8494,30779,Moderate Area
NASIK COMMR.,385,262,202,250,173,155,804,5186,13538,1693,141,2933,37,155,1502,2384,8124,40123,Moderate Area
NASIK RURAL,1078,586,544,305,212,326,549,2891,6645,1348,295,9786,94,435,4013,6651,15327,57106,Moderate Area
NAUGACHIA,472,405,89,331,130,72,187,179,653,332,50,1414,90,0,313,684,6212,13218,Peaceful Area
NAVI MUMBAI,638,302,260,243,120,200,1673,5493,16686,3013,64,4972,54,194,818,4277,9591,51475,Moderate Area
NAVSARI,265,61,42,116,100,41,93,804,1459,139,40,953,3,5,381,0,9602,14631,Peaceful Area
NAWADAH,915,734,263,647,269,148,288,534,1475,552,111,3673,243,8,352,1277,8720,22684,Moderate Area
NAWAN SHAHR,129,147,82,89,61,10,63,399,614,542,14,1394,22,4,146,514,907,5181,Peaceful Area
NAYAGARH,382,369,246,306,241,69,284,694,1394,262,133,3734,134,34,384,451,3277,12732,Peaceful Area
NEEMUCH,210,194,301,143,81,18,205,1850,3381,257,115,4930,32,131,602,744,10391,25263,Peaceful Area
NELLORE,942,1117,488,887,774,122,250,2934,8623,2249,647,24134,107,1621,3352,4817,15201,71475,Moderate Area
NEW DELHI,86,88,84,303,181,7,191,590,9318,2500,19,394,7,130,94,749,8325,23713,Peaceful Area
NICOBAR,12,2,2,1,0,1,0,23,23,3,3,34,0,0,1,0,117,235,Peaceful Area
NILGIRIS,173,190,90,64,52,5,62,894,1220,152,10,2561,8,49,93,458,10257,16825,Peaceful Area
NIZAMABAD,1339,656,412,630,384,123,329,3496,6027,2361,448,21756,225,718,5084,4289,11648,61912,Moderate Area
NORTH,720,437,749,1523,912,76,617,1584,13256,1809,158,3376,93,144,2196,429,19162,48469,Moderate Area
NORTH EAST,236,277,195,652,487,13,260,579,3668,325,7,946,71,15,309,182,5328,13427,Peaceful Area
NORTH GOA,291,134,169,113,77,26,166,2118,4638,689,150,1297,11,71,92,1511,5659,18248,Peaceful Area
NORTH WEST,504,435,475,1534,951,44,447,1939,9925,619,40,1429,107,71,599,160,18622,37814,Moderate Area
NORTH-EAST,527,444,565,2733,1715,28,467,1078,15265,806,23,2173,176,120,1638,1228,12964,41292,Moderate Area
NORTH-WEST,594,542,695,2520,1489,44,827,2325,17635,1191,31,1630,116,107,1581,181,19644,50681,Moderate Area
NOWRANGPUR,302,239,337,270,252,58,138,539,788,132,79,797,15,102,296,435,4058,9909,Peaceful Area
NUAPADA,161,96,116,122,90,29,120,310,700,154,70,505,25,61,201,286,4431,8234,Peaceful Area
OSMANABAD,547,276,308,211,155,216,344,2248,4366,1079,301,7922,23,106,1712,2617,9183,34476,Moderate Area
OUTER,531,355,410,2653,1598,28,353,1453,11625,849,33,1382,141,53,1107,234,11905,33853,Moderate Area
PAKUR,396,516,467,176,100,62,82,170,881,183,64,1393,28,1,361,322,2103,8257,Peaceful Area
PALAKKAD,489,406,638,141,77,95,377,2883,3157,2375,396,14881,38,122,3624,61,42717,80723,Moderate Area
PALAMU,940,914,292,469,244,323,484,992,1825,393,204,4385,249,10,289,446,6678,21289,Moderate Area
PALANPUR,509,298,315,734,688,121,481,2506,4824,523,282,12298,9,13,2474,2273,22330,51920,Moderate Area
PALI,462,588,482,1040,912,8,241,2389,4026,3620,234,531,123,14,3612,3030,37123,59702,Moderate Area
PALWAL,252,288,230,261,199,51,168,513,3231,232,31,1128,80,67,549,184,6009,14679,Peaceful Area
PANCHKULA,162,70,144,229,163,30,117,1627,3432,626,8,410,38,159,784,335,7244,15938,Peaceful Area
PANCHMAHAL,627,158,112,546,531,256,223,1480,3065,247,348,4008,1,37,1546,341,23069,37522,Moderate Area
PANCHSHIL NAGAR,117,140,33,165,129,5,93,91,719,225,3,57,32,0,128,368,1410,3824,Peaceful Area
PANIPAT,534,289,524,543,373,86,359,2225,7924,486,52,2039,149,224,1549,2675,7919,29195,Moderate Area
PANNA,393,294,433,114,58,20,197,1451,1085,131,126,2157,194,31,352,596,12655,21413,Peaceful Area
PAPUM PARE,90,65,71,182,102,57,230,579,1439,170,64,858,0,11,34,139,1485,5853,Peaceful Area
PARBHANI,587,483,240,246,141,197,636,2481,3791,780,343,11617,80,73,2103,1336,3953,31594,Moderate Area
PASCHIM MIDNAPUR,1350,706,705,806,805,224,397,250,4596,493,249,1298,255,10,5355,24,17031,38981,Moderate Area
PATAN,220,159,108,338,318,77,190,1082,3556,278,136,4283,0,3,1518,1340,17182,31882,Peaceful Area
PATHANAMTHITTA,253,189,262,128,110,22,263,1883,2042,1269,206,12603,8,146,1612,13,31190,57475,Peaceful Area
PATHANKOT,23,15,23,28,23,1,4,55,93,70,1,82,12,0,46,128,410,1013,Peaceful Area
PATIALA,594,587,322,470,366,22,75,2437,4201,3023,41,4469,119,25,1403,3791,13793,36285,Moderate Area
PATNA,4586,2845,572,3502,1169,951,4901,6855,23942,4833,284,7533,1012,14,2838,4618,70387,147542,Sensitive Area
PATNA RLY.,226,153,14,87,27,202,232,29,8327,219,0,13,25,0,15,13,2686,12653,Peaceful Area
PAURI GARHWAL,161,95,55,102,95,15,82,406,605,153,31,617,65,22,126,278,741,3913,Peaceful Area
PERAMBALUR,292,399,159,277,238,12,119,562,1809,355,145,4537,32,85,213,1738,14445,26288,Peaceful Area
PEREN,50,32,7,7,0,1,9,41,75,7,2,23,0,1,0,5,50,323,Peaceful Area
PHEK,63,49,18,16,1,12,26,57,96,10,6,60,0,0,0,0,151,603,Peaceful Area
PILIBHIT,691,709,308,678,553,69,220,371,1450,1132,7,75,321,392,1365,807,12655,22580,Moderate Area
PITHORAGARH,74,51,59,33,23,6,53,221,252,66,29,227,41,10,78,13,1317,2799,Peaceful Area
PONDICHERRY,185,204,41,76,51,9,37,656,3887,230,112,6078,21,197,59,1327,15815,30420,Peaceful Area
POONCH,504,897,161,272,244,1,3,301,518,117,164,521,0,49,128,62,4151,8981,Peaceful Area
PORBANDAR,121,83,40,114,96,1,63,474,899,157,49,1235,7,7,669,551,6997,11988,Peaceful Area
PRABUDDH NAGAR,112,123,18,130,114,3,96,46,376,109,3,13,22,0,138,123,1046,2554,Peaceful Area
PRAKASHAM,1089,1023,318,758,593,86,208,2248,5132,2280,559,17332,110,876,2409,4549,17924,60364,Moderate Area
PRATAPGARH,823,957,661,1066,962,37,314,1257,2532,1329,209,5960,354,98,1921,1541,10889,32661,Moderate Area
PUDUCHERRY,146,109,24,75,55,29,46,289,3006,278,53,3252,4,62,40,977,9175,18405,Peaceful Area
PUDUKOTTAI,402,535,99,377,321,12,166,802,2558,339,228,3512,42,37,370,2719,27899,41981,Peaceful Area
PULWAMA,338,606,79,480,427,28,175,610,1130,112,157,555,3,112,4,95,2363,8754,Peaceful Area
PUNE COMMR.,1317,1123,846,1087,774,309,3667,13165,48898,6648,224,13740,57,1052,2493,5687,30547,139973,Sensitive Area
PUNE RLY.,31,11,10,12,6,46,110,3,3600,32,1,68,1,3,0,10,443,4474,Peaceful Area
PUNE RURAL,1619,704,676,492,326,417,1250,5825,14253,1984,344,8220,129,255,2195,10897,19310,74163,Moderate Area
PURAB MIDNAPUR,707,166,555,1042,969,92,184,156,3320,614,68,113,345,3,4857,2254,15992,35502,Moderate Area
PURI,492,973,401,404,323,113,994,1954,3751,523,184,1020,277,38,724,1731,17936,32735,Moderate Area
PURNEA,1128,961,871,1074,524,496,824,997,2508,916,372,3501,144,11,534,1240,12675,31399,Moderate Area
PURULIA,733,12,497,276,198,63,278,49,2526,376,24,205,106,0,1778,206,7976,16958,Peaceful Area
R.P.O.,60,4,50,30,20,53,10,12,129,5,2,15,0,0,22,1,508,1016,Peaceful Area
RAIBAREILLY,714,631,393,640,571,36,219,806,2327,707,40,3099,287,352,1233,1691,7275,22326,Moderate Area
RAICHUR,535,456,195,262,192,44,142,1234,1575,1048,91,6592,64,33,1301,129,15839,33624,Peaceful Area
RAIGAD,536,258,253,124,80,208,289,1902,3963,901,111,3186,56,120,608,3641,7637,26251,Peaceful Area
RAIGARH,771,357,557,145,132,51,402,2679,4053,397,172,5150,78,87,414,1670,10498,29582,Peaceful Area
RAILWAYS,205,35,10,31,6,32,305,61,7684,55,3,470,11,46,3,50,1487,11091,Peaceful Area
RAILWAYS JAMMU,0,3,0,0,0,0,0,0,6,3,1,0,0,1,0,2,13,29,Peaceful Area
RAILWAYS KASHMIR,0,0,0,1,1,0,0,1,18,2,0,0,0,1,0,0,17,43,Peaceful Area
RAILWAYS KATRA,0,0,0,0,0,0,0,0,2,0,0,0,0,0,0,0,0,2,Peaceful Area
RAILWAYS KMR,0,0,0,0,0,0,0,1,0,0,0,0,0,0,0,0,7,10,Peaceful Area
RAIPUR,1113,880,1560,517,404,71,760,8098,14067,1565,436,19660,180,391,1378,4938,38049,98510,Moderate Area
RAISEN,546,667,1021,205,165,17,238,1472,2705,150,118,8639,200,127,676,1383,22737,43662,Moderate Area
RAJAHMUNDRY,65,101,38,75,45,4,27,354,1095,244,12,2104,10,108,468,484,841,6288,Peaceful Area
RAJGARH,403,564,1023,277,217,60,377,1996,4082,175,692,4548,87,356,1006,1449,33600,54255,Moderate Area
RAJKOT COMMR.,423,268,93,514,410,89,442,3191,13253,631,314,4818,23,128,2659,1282,22132,52176,Moderate Area
RAJKOT RURAL,470,295,249,640,564,102,300,2192,4271,220,218,4796,35,45,3033,3274,28670,51010,Moderate Area
RAJNANDGAON,539,338,664,132,111,39,216,2388,2549,313,187,1251,76,73,481,1258,21070,32999,Peaceful Area
RAJOURI,459,719,295,408,381,9,19,604,663,235,340,359,23,75,348,254,10711,16348,Peaceful Area
RAJSAMAND,208,169,125,585,488,6,134,1015,2041,1856,152,10436,40,11,2010,1761,7304,29413,Peaceful Area
RAMABAI NAGAR,124,74,51,256,237,9,35,60,309,190,16,741,79,0,230,717,2422,5680,Peaceful Area
RAMANAGAR,399,312,78,190,143,65,357,1214,2382,298,185,2980,87,0,319,0,11152,21771,Peaceful Area
RAMBAN,327,420,109,146,130,4,2,274,401,80,123,103,0,41,4,24,5568,7908,Peaceful Area
RAMGARH,210,75,118,158,120,90,144,171,1503,214,22,636,47,4,128,458,1740,6336,Peaceful Area
RAMNATHAPURAM,433,662,118,384,304,25,171,914,2320,518,284,5515,36,61,205,1903,22513,37777,Peaceful Area
RAMPUR,832,920,376,831,698,95,519,742,3359,1463,43,355,205,80,539,1167,8725,22119,Moderate Area
RANCHI,2618,1282,791,992,475,759,1769,1963,12276,1058,161,4364,145,11,729,2828,14904,50140,Moderate Area
RANGA REDDY,1091,478,338,450,316,66,213,3266,4260,1702,452,13892,268,316,2001,2970,7811,41037,Moderate Area
RATLAM,516,548,878,246,200,25,388,1821,4525,426,238,5616,100,270,905,1324,23375,43683,Moderate Area
RATNAGIRI,225,100,240,101,70,50,168,1737,2700,571,243,2312,9,235,542,1574,4843,17421,Peaceful Area
RAYAGADA,341,282,275,199,159,78,147,507,898,211,87,339,43,44,348,818,4553,10638,Peaceful Area
REASI,255,421,88,148,132,8,9,198,326,67,99,40,0,47,16,13,3159,5070,Peaceful Area
REWA,648,486,752,380,267,47,691,6329,5514,479,312,8805,403,141,850,1929,27489,57608,Moderate Area
REWARI,320,244,212,277,222,98,311,1675,4213,238,125,1899,126,94,690,48,11454,23249,Peaceful Area
RI-BHOI,196,26,136,53,27,114,93,33,600,58,59,193,0,0,7,79,791,2520,Peaceful Area
ROHTAK,742,572,400,327,215,66,370,2887,6552,942,94,2087,201,422,974,2125,8576,28707,Moderate Area
ROHTAS,1456,1566,237,895,470,424,647,1638,4930,482,256,4367,480,11,574,3078,17101,41706,Moderate Area
ROPAR,249,153,136,206,122,5,28,858,1576,1084,35,1329,44,29,302,2010,4698,13042,Peaceful Area
ROURKELA,482,357,295,178,156,136,399,1176,3204,497,49,1715,40,78,388,1088,7050,18312,Peaceful Area
RUDRA PRAYAG,60,31,26,30,28,3,30,154,126,48,14,118,49,14,33,113,263,1306,Peaceful Area
RURAL,9,6,11,11,9,4,4,24,31,15,7,66,0,0,4,7,70,298,Peaceful Area
S.T.F.,1,17,1,0,0,0,0,0,2,80,0,0,0,0,0,0,40,158,Peaceful Area
SAGAR,951,1254,1502,525,468,18,601,4879,6091,433,447,31377,403,247,1733,1967,36580,95017,Moderate Area
SAHARANPUR,947,1129,211,670,515,34,421,712,4646,2208,8,385,268,583,1830,1487,13901,31782,Moderate Area
SAHARSA,486,1405,197,540,225,82,482,486,1394,583,127,2596,136,2,251,468,7620,20316,Peaceful Area
SAHEBGANJ,626,588,549,385,225,61,136,320,1183,294,75,1207,63,3,334,366,3396,10561,Peaceful Area
SAIHA,25,15,33,8,4,2,4,261,552,32,18,124,2,1,0,10,778,1961,Peaceful Area
SALEM RURAL,806,987,402,985,917,64,258,1043,2828,575,429,21864,75,46,993,5103,29704,70481,Moderate Area
SALEM URBAN,242,254,154,261,206,19,256,557,3513,604,21,2967,52,184,313,1467,19179,30591,Peaceful Area
SAMASTIPUR,1296,2265,382,1328,433,223,624,1041,3937,561,553,3533,497,32,605,1502,19269,42318,Moderate Area
SAMBA,38,82,24,41,40,0,1,143,213,45,16,18,5,34,23,4,2659,3497,Peaceful Area
SAMBALPUR,513,668,326,190,143,179,844,1927,3603,375,110,2349,31,91,312,1675,11215,26185,Peaceful Area
SANGLI,815,335,429,275,148,117,316,2573,6439,1921,343,4969,107,120,1103,3482,7412,33509,Moderate Area
SANGRUR,457,534,289,278,175,37,81,1416,2127,1505,48,2582,92,29,575,1708,6406,18771,Peaceful Area
SANT KABIRNAGAR,208,183,116,310,294,5,115,268,610,331,25,1333,87,151,205,547,2396,7524,Peaceful Area
SARAIKELA,644,556,301,210,107,142,220,401,1953,249,11,819,54,2,224,692,3374,10538,Peaceful Area
SARAN,1477,2410,319,1271,780,412,775,1396,4795,1052,407,12828,777,2,1270,1579,12296,47474,Moderate Area
SARGUJA,851,390,1150,199,178,87,394,2299,2463,303,189,1716,15,25,463,685,12461,25863,Moderate Area
SAS NGR,164,197,133,239,157,13,26,1137,2531,1520,0,1005,29,10,280,2587,3398,13503,Peaceful Area
SATARA,728,394,370,327,234,279,898,4140,9795,1453,307,5545,73,146,2161,4839,13679,48700,Moderate Area
SATNA,807,615,986,262,139,45,580,4787,5388,302,278,11530,368,99,1097,2847,29726,62648,Moderate Area
SAWAI MADHOPUR,274,319,245,740,561,6,161,1023,5178,2352,149,236,85,0,1724,892,26299,40574,Peaceful Area
SBS NAGAR,102,79,72,55,36,7,87,333,446,372,8,815,14,4,128,448,757,3808,Peaceful Area
SEALDAH G.R.P.,188,58,19,67,36,18,115,0,2981,94,0,247,11,2,10,4,549,4746,Peaceful Area
SECUNDERABAD RLY.,104,8,7,9,3,8,54,6,4819,52,2,138,8,10,5,33,690,6163,Peaceful Area
SENAPATI,135,150,7,99,9,11,15,28,160,31,95,39,0,0,0,2,773,1720,Peaceful Area
SEONI,414,257,708,112,93,5,117,1311,1530,299,88,3916,137,164,324,1228,17052,29447,Peaceful Area
SERCHHIP,21,15,55,3,2,1,2,238,339,16,13,81,0,0,1,7,239,1103,Peaceful Area
SHAHDOL,492,233,721,155,138,18,332,2982,2808,265,171,3286,153,104,1058,104,23283,38499,Peaceful Area
SHAHJAHANPUR,1563,1611,465,1170,896,87,440,705,2763,1050,116,2381,569,277,438,2122,10383,28037,Moderate Area
SHAJAPUR,436,537,826,192,143,40,572,2527,6032,240,341,13539,112,307,745,1298,12575,43219,Moderate Area
SHEIKHPURA,346,217,57,242,96,71,113,170,861,304,46,1070,88,0,209,236,5155,10367,Peaceful Area
SHEOHAR,184,175,90,222,133,101,71,134,446,134,40,1255,57,1,112,66,2055,5953,Peaceful Area
SHEOPUR,180,236,215,107,43,20,120,589,981,119,35,3984,36,6,256,312,6413,14570,Peaceful Area
SHIMLA,194,126,309,266,233,5,49,1618,2177,413,251,798,6,43,335,1080,14282,23949,Peaceful Area
SHIMOGA,584,619,195,298,216,86,535,2521,3982,793,145,12751,58,42,2273,86,25914,55397,Moderate Area
SHIVPURI,814,700,896,333,205,61,471,2177,3171,297,326,9903,159,54,511,1839,26451,51018,Moderate Area
SHOPIAN,28,118,31,180,176,2,29,154,503,45,44,14,0,32,2,35,776,2578,Peaceful Area
SHRAWASTI,228,159,111,238,211,30,78,307,587,261,16,1145,108,77,104,324,1368,5716,Peaceful Area
SIANG EAST,53,24,100,91,63,31,103,311,676,50,15,528,0,0,13,55,647,2874,Peaceful Area
SIANG UPPER,21,13,21,18,17,1,8,96,149,17,12,142,0,0,4,12,144,716,Peaceful Area
SIANG WEST,65,47,53,90,69,13,70,269,541,52,45,626,0,5,35,45,952,3160,Peaceful Area
SIBSAGAR,828,321,655,1157,965,55,298,1212,4309,623,247,2949,38,0,1312,869,7782,24118,Moderate Area
SIDHARTHNAGAR,196,113,103,333,323,26,87,471,892,348,10,761,149,175,301,586,3324,8601,Peaceful Area
SIDHI,517,200,557,332,308,26,216,3021,2839,293,153,5634,263,45,569,1235,21451,39209,Moderate Area
SIHORE,401,566,806,250,225,37,220,2259,4132,310,220,4501,107,159,619,1587,23942,41929,Moderate Area
SIKAR,547,379,376,827,544,9,99,2024,4927,4980,367,4566,191,0,2353,3089,26553,54004,Moderate Area
SILIGURI G.R.P.,42,3,2,31,23,13,15,1,1154,6,0,0,3,1,1,0,413,1760,Peaceful Area
SILIGURI_PC,32,6,21,123,111,3,29,3,849,195,3,812,3,12,370,69,385,3023,Peaceful Area
SIMDEGA,755,222,256,142,109,116,179,134,443,94,45,343,7,4,44,151,1258,4426,Peaceful Area
SINDHUDURG,154,69,98,60,42,25,93,1128,1341,391,148,1586,10,120,105,880,2661,9731,Peaceful Area
SINGRAULI,174,73,206,114,107,19,46,520,684,47,32,1610,79,12,306,595,5628,10813,Peaceful Area
SIPAHIJALA,12,9,23,29,24,0,10,37,84,14,17,250,3,1,155,5,279,987,Peaceful Area
SIRMAUR,106,59,128,144,128,3,18,523,610,206,66,574,6,27,259,646,4851,9415,Peaceful Area
SIROHI,328,314,233,454,401,15,133,1221,1697,1617,172,5728,63,4,1431,1639,7847,24249,Peaceful Area
SIRSA,438,351,277,387,225,35,145,2056,3945,491,106,3807,101,1,1453,45,7952,22404,Peaceful Area
SITAMARHI,774,292,289,924,591,294,390,997,3508,344,223,3834,288,2,542,649,19051,35390,Moderate Area
SITAPUR,1445,1624,682,1510,1277,42,600,1356,5218,1017,222,3155,777,271,1200,2288,13649,37798,Moderate Area
SIVAGANGAI,375,500,61,333,266,30,144,1099,2925,619,194,4049,44,109,471,2160,19807,33704,Peaceful Area
SIWAN,1141,1125,187,1189,783,375,940,939,2755,748,257,4851,564,9,642,1135,10974,30855,Moderate Area
SOLAN,106,70,137,152,129,9,17,892,1072,149,76,3595,7,14,261,604,6079,14358,Peaceful Area
SOLAPUR COMMR.,257,254,229,181,123,142,536,2091,4609,1126,67,2182,22,69,776,1051,5342,20306,Peaceful Area
SOLAPUR RURAL,1081,558,589,393,279,269,663,2797,6617,948,406,7873,69,194,1758,5244,12899,46732,Moderate Area
SONBHADRA,343,194,165,200,161,16,81,380,846,530,41,1073,149,185,190,1159,2212,8532,Peaceful Area
SONEPUR,137,229,127,66,45,20,95,325,553,150,54,706,23,25,111,211,2121,5797,Peaceful Area
SONIPAT,913,610,294,556,404,80,474,2317,6720,923,127,3315,247,290,1450,2901,10551,32592,Moderate Area
SONITPUR,1116,259,892,1699,1580,185,309,2063,4772,647,210,3047,89,0,2317,2885,10978,33647,Moderate Area
SOPORE,50,151,20,114,106,2,16,219,424,19,28,3,0,31,14,0,513,1952,Peaceful Area
SOUTH,1122,818,1415,2700,1863,70,1027,5034,38891,3838,217,4931,283,339,3112,1127,42359,111776,Sensitive Area
SOUTH GOA,196,135,181,123,87,29,132,1582,3407,487,122,990,8,52,99,1153,4289,13803,Peaceful Area
SOUTH WEST,202,191,246,515,334,19,233,1457,6517,734,33,642,70,65,289,248,9320,21314,Peaceful Area
SOUTH-EAST,269,193,391,1885,1089,8,286,886,12477,937,28,1190,76,140,510,1338,9635,31194,Moderate Area
SOUTH-WEST,433,314,501,1904,1249,16,356,1748,11290,1126,44,1048,134,105,1209,304,16661,38093,Moderate Area
SPL CELL,0,11,0,0,0,0,0,0,1,73,0,0,0,0,0,0,39,133,Peaceful Area
SRIKAKULAM,405,236,274,217,200,24,66,1437,2580,882,295,13049,83,600,2607,3165,12699,40293,Moderate Area
SRINAGAR,442,1070,229,1265,1102,27,365,3383,5333,932,359,261,0,1188,267,531,13216,33733,Moderate Area
SRP(CUTTACK),34,29,8,37,19,12,133,98,4113,53,2,328,1,7,10,5,1039,6016,Peaceful Area
SRP(ROURKELA),73,28,15,24,20,14,110,156,1961,26,0,49,3,3,13,35,1258,3893,Peaceful Area
ST.RAVIDASNAGAR,197,217,22,94,69,21,103,335,718,205,14,807,112,58,221,599,1213,5372,Peaceful Area
STF,1,36,0,1,0,1,2,0,1,45,1,0,0,0,0,0,71,181,Peaceful Area
SUBANSIRI LOWER,52,30,16,45,27,13,62,156,213,19,19,254,0,0,2,33,447,1460,Peaceful Area
SUBANSIRI UPPER,49,27,26,38,32,10,62,134,200,34,20,485,0,0,14,39,513,1767,Peaceful Area
SUKMA,24,30,1,7,5,6,3,8,7,2,10,14,0,0,2,15,71,205,Peaceful Area
SULTANPUR,711,985,265,556,480,31,344,1080,2603,594,98,3071,237,256,767,1636,5957,20791,Moderate Area
SUNDARGARH,793,560,356,220,172,117,452,884,1994,224,104,5868,45,81,168,2083,3109,18386,Peaceful Area
SUPAUL,488,609,347,554,299,246,372,475,1675,404,109,2428,134,0,319,338,8872,20702,Peaceful Area
SURAJPUR,416,147,544,86,73,32,144,798,827,170,61,2755,24,18,355,721,3424,11397,Peaceful Area
SURAT COMMR.,1108,295,311,1150,763,236,863,4739,23340,2346,103,6788,157,47,2909,3844,34301,85040,Moderate Area
SURAT RURAL,627,108,123,211,165,120,186,941,2533,332,90,2370,10,5,642,4395,13121,26600,Peaceful Area
SURENDRANAGAR,384,213,206,441,386,78,202,1307,2849,170,116,5805,13,30,1183,2066,19379,36446,Peaceful Area
TAMENGLONG,51,33,2,22,1,0,2,1,53,7,45,25,0,0,0,2,166,463,Peaceful Area
TAPI,79,13,20,13,12,5,16,92,332,18,13,528,0,0,56,571,1557,3440,Peaceful Area
TARN TARAN,470,436,221,214,148,28,48,572,964,1060,0,1815,57,1,231,886,2521,9950,Peaceful Area
TAWANG,13,2,5,1,1,1,5,76,142,8,0,73,0,2,3,38,163,580,Peaceful Area
TEHRI GARHWAL,85,97,44,61,61,1,35,190,309,109,14,189,39,10,77,184,883,2581,Peaceful Area
THANE COMMR.,1384,879,808,1046,679,318,2539,13137,28029,7506,214,17026,90,444,3408,3702,13344,100617,Sensitive Area
THANE RURAL,1688,570,725,512,293,476,1667,6989,10368,2330,326,9068,86,366,1344,7326,11797,61234,Moderate Area
THANJAVUR,724,993,101,537,441,28,520,2111,6953,471,323,9150,49,93,291,4211,36833,65756,Moderate Area
THENI,364,755,117,440,373,19,246,1104,3005,1181,209,7300,54,164,534,2183,27605,46741,Moderate Area
THIRUNELVELI RURAL,933,2065,505,602,518,20,537,2190,5210,1013,741,11797,61,223,936,3688,51712,83750,Moderate Area
THIRUNELVELI URBAN,199,702,64,148,113,12,182,511,2164,415,57,1176,16,204,131,884,9381,16548,Peaceful Area
THIRUVALLUR,375,469,159,226,192,30,146,941,2302,357,133,7392,87,117,268,3059,23531,41317,Peaceful Area
THIRUVANNAMALAI,478,525,209,458,401,17,99,1130,3530,603,294,8613,39,180,284,3324,28687,50648,Moderate Area
THIRUVARUR,307,439,81,229,192,16,111,891,2193,241,276,8384,33,106,132,1719,24010,40312,Peaceful Area
THOOTHUGUDI,828,1534,248,399,271,27,414,2053,5379,1063,354,7145,34,953,586,3155,35537,60701,Moderate Area
THOUBAL,344,682,113,400,267,3,12,91,462,277,126,905,0,2,97,27,2065,6039,Peaceful Area
THRISSUR,388,497,410,191,100,134,724,2752,4345,4059,295,12523,22,225,2836,73,62982,101593,Moderate Area
THRISSUR COMMR.,17,31,63,25,19,8,56,130,308,1044,17,699,0,60,277,6,7311,11122,Peaceful Area
THRISSUR RURAL,42,90,115,24,21,9,74,316,453,820,65,1726,3,64,810,14,18516,24889,Peaceful Area
TIKAMGARH,548,427,702,169,116,27,355,1820,2027,209,270,11418,225,48,436,978,15863,37897,Moderate Area
TINSUKIA,1180,185,579,1056,877,207,388,1695,6041,291,142,1755,41,0,780,975,7443,23896,Moderate Area
TIRAP,66,38,14,67,19,18,55,206,242,12,6,261,1,0,3,22,546,1627,Peaceful Area
TIRUPATHI URBAN,112,94,32,72,30,4,40,487,2105,567,21,2077,16,43,293,649,1340,8164,Peaceful Area
TIRUPPUR,228,178,39,225,167,27,423,993,3086,534,28,2013,25,8,257,2882,12839,24261,Peaceful Area
TONK,253,322,213,760,640,5,110,1206,3570,2481,134,13277,49,22,2764,1804,14238,42919,Moderate Area
TRICHY RLY.,11,10,1,1,1,2,39,18,744,16,0,172,1,7,4,48,1006,2126,Peaceful Area
TRICHY RURAL,594,484,133,351,306,27,233,783,2380,266,135,6555,63,31,324,5593,26824,45584,Moderate Area
TRICHY URBAN,228,242,44,195,127,13,175,805,5202,782,19,2301,41,730,331,1570,23217,36196,Peaceful Area
TRIVANDRUM,111,148,113,77,45,59,242,1314,1489,791,144,4986,8,18,524,0,11284,24058,Peaceful Area
TRIVANDRUM COMMR.,119,255,260,213,131,86,852,2409,4583,3220,136,9030,9,205,1177,15,27629,57030,Moderate Area
TRIVANDRUM RURAL,334,303,606,291,213,94,685,3480,3735,2401,348,19441,42,173,3097,19,42137,87612,Moderate Area
TUENSANG,55,24,10,9,0,1,20,58,90,17,5,5,0,0,0,11,198,559,Peaceful Area
TUMKUR,914,682,208,284,108,127,572,3029,5543,794,323,10624,176,2,803,258,27393,55937,Moderate Area
UDAIPUR,825,989,957,1787,1454,24,699,3278,7648,6490,504,18161,131,20,3234,3986,30212,83890,Moderate Area
UDALGURI,325,88,219,395,245,71,101,421,749,89,127,720,23,0,266,283,1916,6226,Peaceful Area
UDHAMPUR,125,216,168,146,134,5,18,681,796,97,45,118,10,153,82,22,9092,12413,Peaceful Area
UDHAMSINGH NAGAR,626,592,235,689,559,105,393,823,4558,870,7,1234,174,60,853,1189,7256,21638,Peaceful Area
UDUPI,221,174,75,89,26,47,255,1533,1397,322,56,3512,11,12,295,85,17829,27894,Peaceful Area
UJJAIN,784,1715,838,459,360,68,1100,5944,14189,804,419,8987,167,453,2034,1550,54445,97841,Moderate Area
UKHRUL,60,91,5,25,5,2,7,22,74,39,76,34,0,0,1,0,245,760,Peaceful Area
UMARIYA,243,104,308,31,17,9,125,1054,976,148,91,1704,42,55,270,83,9162,15583,Peaceful Area
UNA,111,62,100,109,87,7,25,639,790,263,72,1191,3,44,319,659,5458,10615,Peaceful Area
UNAKOTI,9,8,26,10,9,0,9,5,45,20,3,159,2,2,92,1,103,533,Peaceful Area
UNNAO,1079,866,450,959,857,49,365,692,2243,714,49,2672,512,365,1061,2073,8532,24792,Moderate Area
UPPER DIBANG VALLEY,12,5,0,2,1,0,2,32,18,0,0,18,0,0,0,6,42,148,Peaceful Area
UTTAR DINAJPUR,638,1062,833,1059,867,123,221,84,3684,290,156,5202,150,9,3095,1029,10458,29972,Moderate Area
UTTAR KANNADA,284,224,73,83,58,32,150,974,982,265,104,4345,17,48,625,0,20077,30179,Peaceful Area
UTTARKASHI,48,41,62,62,54,0,20,163,256,55,24,55,10,20,75,2,939,2106,Peaceful Area
VADODARA COMMR.,355,345,81,510,419,109,546,4353,16108,1973,441,3813,1,51,2239,1664,32216,67448,Moderate Area
VADODARA RURAL,862,191,200,588,555,156,192,923,2699,270,294,4199,0,1,874,3239,19950,36234,Moderate Area
VAISHALI,1287,1158,306,1908,1093,169,633,1629,5524,1178,294,5111,857,1,1130,1679,21545,49204,Moderate Area
VALSAD,406,125,92,205,154,129,199,1994,4061,397,80,2302,1,0,359,793,15021,27176,Peaceful Area
VARANASI,751,740,172,668,496,27,478,1412,7363,2022,55,2552,360,703,1408,1673,11194,34230,Moderate Area
VELLORE,871,598,274,609,480,34,208,2318,6821,760,286,14838,98,124,484,6343,52065,88523,Moderate Area
VIDISHA,561,649,1137,209,179,37,287,2758,3792,407,323,8891,201,252,823,993,25205,50039,Moderate Area
VIJAYAWADA,213,234,134,374,228,18,204,3101,12278,3188,119,9360,36,757,3571,1212,3678,39350,Moderate Area
VIJAYAWADA CITY,254,377,200,485,352,10,226,1663,9425,2625,144,11687,94,1802,4523,2138,5032,42500,Moderate Area
VIJAYAWADA RLY.,32,13,4,9,5,7,34,2,4227,43,1,146,4,15,10,41,467,5216,Peaceful Area
VILLUPURAM,826,1234,613,952,822,48,251,1400,4378,640,420,8886,68,223,671,7478,49783,82961,Moderate Area
VILUPPURAM,68,83,49,49,49,1,13,102,306,21,36,468,9,5,59,567,3818,5959,Peaceful Area
VIRUDHUNAGAR,580,702,204,477,418,26,330,1440,4790,1122,261,6084,30,851,662,2901,33457,55606,Moderate Area
VISAKHA RURAL,737,318,228,191,140,20,66,1241,2260,871,270,14824,72,502,1739,3756,7016,35912,Moderate Area
VISAKHAPATNAM,340,321,343,403,274,64,243,3925,11456,3154,129,8827,93,863,4281,3451,15647,55171,Moderate Area
VIZIANAGARAM,412,278,223,177,135,27,66,1376,2610,922,114,7865,59,646,2829,2723,16182,37750,Moderate Area
W.RLY,133,39,16,41,24,53,542,184,8762,224,4,498,1,16,34,41,2659,13502,Peaceful Area
W.RLY AHMEDABAD,10,3,1,4,3,0,13,16,426,12,0,61,0,0,2,3,92,669,Peaceful Area
W.RLY VADODARA,10,1,0,4,3,5,12,4,944,52,0,84,0,0,1,5,105,1244,Peaceful Area
WARANGAL,1287,754,621,1109,842,44,217,3247,5847,2996,324,18544,438,306,3257,4544,25944,75347,Moderate Area
WARANGAL URBAN,108,43,82,124,82,3,41,475,1081,718,55,2136,47,153,742,701,2967,9896,Peaceful Area
WARDHA,515,346,410,274,255,72,449,3003,8058,612,636,9289,34,391,1055,1883,16073,45933,Moderate Area
WASHIM,359,276,217,205,180,87,302,1349,4692,341,334,5368,91,146,1454,1056,6761,25088,Peaceful Area
WAYANADU,141,88,394,62,40,31,137,1257,1437,1207,111,8315,17,106,1149,23,12386,30318,Peaceful Area
WEST,1761,794,1622,3286,2115,143,859,4054,29246,2407,315,6772,372,123,5024,1753,38380,100641,Sensitive Area
WEST GODAVARI,887,1234,1062,1124,756,35,252,4169,13847,4343,462,23937,238,1826,6558,6031,18401,90029,Sensitive Area
WOKHA,67,54,13,18,8,6,22,32,371,10,12,78,0,1,0,20,170,902,Peaceful Area
YADGIRI,74,109,23,68,20,6,15,165,204,88,38,983,5,12,175,267,1584,4620,Peaceful Area
YAMUNANAGAR,383,306,277,444,347,39,181,1847,4250,544,83,2241,93,54,1377,32,8741,21321,Peaceful Area
YAVATMAL,871,725,631,498,454,77,675,3265,11297,700,541,12091,126,397,2296,2667,18642,58921,Moderate Area
ZUNHEBOTO,58,32,18,6,6,3,22,112,200,11,0,44,0,0,0,3,213,731,Peaceful Area
